,key,translations,count
0,luire,辉光,402
1,vous,你,396
2,m’,米’,383
3,pouvoir,力量,379
4,au,非盟,365
5,!,！,360
6,cela,那,355
7,–,False,345
8,plus,加,332
9,même,甚至,330
10,s’,s’,330
11,aller,去,323
12,si,和,318
13,se,和,307
14,«,False,292
15,»,False,292
16,sur,在,292
17,moi,我,288
18,comme,作为,269
19,:,False,262
20,par,标杆,261
21,avec,和,260
22,bien,好的,247
23,on,在,244
24,quand,什么时候,229
25,"	
",,221
26,tu,你,219
27,nous,我们,209
28,voir,看,195
29,alors,所以,195
30,vouloir,想要,188
31,autre,其他,177
32,y,y,170
33,classe,班级,162
34,celer,芹菜,160
35,savoir,知道,160
36,mère,母亲,154
37,prendre,拿,151
38,fois,次,146
39,ou,或者,145
40,maman,妈妈,144
41,trouver,寻找,142
42,venir,来,142
43,sans,无字体,141
44,-,False,140
45,rien,没有什么,138
46,jour,日报,135
47,chose,选择了,134
48,parler,讲话,133
49,Naoki,直树,132
50,élève,瞳孔,124
51,passer,过路人,123
52,seul,独自的,122
53,encore,安可,119
54,devoir,责任,118
55,aussi,还,117
56,premier,总理,116
57,quelque,一些,115
58,fait,做,111
59,penser,思考,111
60,croire,相信,107
61,votre,你的,106
62,parce,因为,106
63,peu,小的,104
64,petit,小的,104
65,où,或者,102
66,demander,问,102
67,mettre,放,102
68,non,非,101
69,bon,邦,101
70,collège,大学,99
71,celui,唯一的那个,97
72,Watanabe,渡边,96
73,Nao,奈绪,96
74,"
	
",,96
75,Shūya,舒雅,95
76,-ce,-ce,94
77,très,非常,91
78,fille,女孩,91
79,professeur,老师,88
80,regarder,看,85
81,toujours,总是,84
82,là,成为,83
83,depuis,自从,83
84,main,主要的,83
85,Manami,一点也不,81
86,falloir,需要,80
87,vie,争夺,80
88,comprendre,去理解,80
89,vrai,真的,79
90,école,高等学校,79
91,après,后,79
92,prof,教授,78
93,arriver,到达,77
94,moment,片刻,77
95,monde,世界,76
96,Moriguchi,守口,76
97,tuer,杀,75
98,quoi,夸伊,74
99,donner,唐纳,74
100,enfant,幼儿,74
101,devant,在前,74
102,dernier,最后的,73
103,maintenant,现在,73
104,piscine,水池,73
105,tête,头,73
106,jamais,绝不,72
107,sûr,在,71
108,temps,临时,71
109,commencer,开始,71
110,notre,巴黎圣母院,70
111,deux,二,69
112,mort,莫特,69
113,quelqu’,某人,68
114,ton,吨,68
115,personne,人,67
116,sortir,出去,66
117,avant,前卫,65
118,te,这,65
119,mourir,死,64
120,entendre,恩滕德,61
121,rester,停留,61
122,raconter,告诉,61
123,-là,-成为,61
124,maison,梅森,60
125,cours,课程,59
126,pourquoi,为什么,59
127,oeil,厄伊尔,59
128,affaire,事务,59
129,Werther,维特,59
130,année,年,58
131,entrer,进入,58
132,peut-être,或许,58
133,coup,政变,58
134,lait,莱特,57
135,aimer,喜欢,57
136,a,A,56
137,garçon,男生,55
138,devenir,变得,55
139,façon,方式,55
140,appeler,打电话,55
141,oui,欧伊,54
142,grand,盛大,54
143,père,父亲,54
144,écrire,来写,54
145,crime,犯罪,54
146,mot,反对,53
147,juste,只是,53
148,ni,在,53
149,jusqu’,直到,53
150,Shimomura,下村,53
151,sentir,感觉,52
152,déjà,似曾相识,51
153,Ah,啊,50
154,an,一个,50
155,nouveau,新风格,50
156,moins,较少的,50
157,mme,嗯,50
158,m.,米。,49
159,laisser,离开,49
160,question,问题,49
161,arrêter,停止,49
162,police,警察,49
163,chez,切兹,48
164,aucun,没有任何,48
165,pendant,吊坠,48
166,heure,小时,47
167,enfin,最后,46
168,cas,CAS,46
169,envie,嫉妒,46
170,chambre,卧室,46
171,air,空气,45
172,trop,太多了,45
173,comment,评论,45
174,quel,那,45
175,toi,土伊,45
176,point,观点,44
177,famille,家庭,43
178,jeune,年轻的,43
179,vraiment,真的,43
180,nom,名义,43
181,attendre,等待,43
182,répondre,回答,43
183,poser,装腔作势,42
184,ouvrir,打开,42
185,principal,主要的,42
186,histoire,历史,42
187,tellement,这样的,42
188,connaître,知道,41
189,idée,主意,41
190,t’,t’,41
191,côté,边,41
192,sang,桑,41
193,donc,所以,40
194,soir,晚上,40
195,mieux,更好的,40
196,semaine,星期,40
197,tomber,跌倒,40
198,peur,害怕,40
199,imaginer,想象,39
200,ailleurs,别处,39
201,b,乙,39
202,mal,马尔,39
203,recevoir,收到,39
204,lire,里拉,39
205,abord,在船上,39
206,carton,纸盒,38
207,voilà,瞧,38
208,fin,鳍,38
209,*,False,38
210,tenir,有,38
211,manger,马槽,38
212,-t,-t,37
213,partir,离开,37
214,pochette,覆盖,37
215,surtout,首先,37
216,journal,杂志,37
217,Terada,寺田,37
218,pourtant,然而,36
219,apprendre,学习,36
220,seulement,仅有的,35
221,lequel,哪个,35
222,mauvais,坏的,35
223,rendre,回报,35
224,problème,问题,34
225,suffire,够了,34
226,chercher,寻找,34
227,mois,月,34
228,plutôt,反而,34
229,fort,堡,34
230,chaque,每个,34
231,doute,怀疑,34
232,fils,菲尔斯,34
233,porte-monnaie,钱包,34
234,sembler,似乎,33
235,cœur,心,33
236,tant,坦特,33
237,vivre,生活,33
238,contre,反对,33
239,finalement,最终,33
240,sourire,微笑,33
241,accident,事故,33
242,frère,兄弟,33
243,porte,门,32
244,rentrer,回来,32
245,salle,大厅,32
246,travail,工作,32
247,portable,便携的,32
248,jeter,杰特,32
249,assez,足够的,31
250,gens,氏族,31
251,"
	",,31
252,vers,向,31
253,regard,看待,31
254,lapin,拉普兰,31
255,essayer,尝试,31
256,bruit,噪音,31
257,revenir,回来,30
258,Eh,呃,30
259,sou,在,30
260,lieu,代替,30
261,jouer,玩,30
262,note,笔记,30
263,certain,肯定,30
264,place,地方,30
265,évidemment,明显地,30
266,plusieurs,一些,30
267,invention,发明,30
268,âge,年龄,29
269,dont,不,29
270,part,部分,29
271,aujourd’hui,今天,29
272,droit,正确的,29
273,trimestre,四分之一,29
274,dès,的,28
275,boire,喝,28
276,montrer,以显示,28
277,empêcher,阻止,28
278,voix,嗓音,28
279,souvenir,纪念品,28
280,exactement,确切地,28
281,début,开始,28
282,corps,兵团,28
283,cause,原因,27
284,télé,电视,27
285,toucher,触摸,27
286,normal,普通的,27
287,acheter,阿切特,27
288,fond,喜欢,27
289,produit,产品,26
290,genre,类型,26
291,trois,三,26
292,Sakuranomiya,樱之宫,26
293,meilleur,最好的,26
294,lui-même,他自己,26
295,impression,印象,26
296,pleurer,哭,26
297,bras,胸罩,26
298,Mizuki,水木,26
299,enseignant,老师,25
300,beaucoup,很多,25
301,porter,搬运工,25
302,moindre,较小的,25
303,apparaître,出现,25
304,lettre,信,25
305,apporter,带来,25
306,changer,改变者,24
307,oublier,忘记,24
308,pousser,推,24
309,matin,晨报,24
310,rire,笑,24
311,puisque,自从,24
312,club,俱乐部,24
313,retourner,返回,24
314,tel,电话,24
315,utiliser,使用,24
316,site,地点,24
317,débile,愚蠢的,24
318,situation,情况,23
319,parent,家长,23
320,besoin,需要,23
321,chance,机会,23
322,chien,简,23
323,car,车,23
324,instant,立即的,23
325,garder,保持,23
326,supposer,认为,23
327,femme,女性,23
328,prix,大奖赛,23
329,concerner,忧虑,23
330,truc,事物,22
331,raison,存在的理由,22
332,présenter,展示,22
333,compte,帐户,22
334,éviter,避免,22
335,monter,上去,22
336,ainsi,因此,22
337,loin,腰部,22
338,demande,要求,22
339,sentiment,情绪,22
340,train,火车,22
341,victime,受害者,22
342,Lunacy,疯狂,22
343,super,极好的,22
344,troisième,第三,22
345,servir,服务,22
346,importer,进口商,22
347,dos,的,22
348,exemple,例子,21
349,suivre,跟随,21
350,préparer,准备,21
351,homme,男人,21
352,finir,结束,21
353,maladie,疾病,21
354,sida,喜欢,21
355,accepter,接受,21
356,apercevoir,通知,21
357,reste,停留,21
358,presque,普雷斯克,21
359,force,力量,21
360,endroit,地方,21
361,résultat,结果,21
362,visage,面貌,21
363,pardon,赦免,20
364,mineur,次要的,20
365,e,e,20
366,université,大学,20
367,ville,维尔,20
368,avouer,承认,20
369,suite,套房,20
370,bas,巴斯,20
371,leur,他们的,20
372,virus,病毒,20
373,larme,眼泪,20
374,retenir,保持,20
375,faute,错误,20
376,refuser,拒绝,20
377,tard,晚的,20
378,terminer,结束,20
379,cheveu,头发,20
380,sauf,除了,20
381,assassin,刺客,20
382,criminel,刑事,20
383,primaire,基本的,20
384,deuxième,第二,20
385,fabriquer,制作,20
386,groupe,集团,20
387,heureux,快乐的,20
388,vérité,真相,20
389,tourner,转动,20
390,décider,决定,19
391,ensuite,套间,19
392,réussir,成功,19
393,commettre,犯罪,19
394,livre,书,19
395,continuer,继续,19
396,ensemble,合奏,19
397,sens,感性,19
398,gros,格罗斯,19
399,préférer,更喜欢,19
400,pareil,相同,19
401,complètement,完全地,19
402,bord,博德,19
403,esprit,精神,19
404,peine,惩罚,19
405,amour,恋情,19
406,derrière,在后面,19
407,paraître,出现,19
408,coupable,有罪的,19
409,intention,意图,19
410,cahier,笔记本,19
411,propre,自己的,19
412,écouter,听,19
413,Yūsuke,佑介,19
414,raté,错过了,19
415,rentrée,回到学校,18
416,national,国家的,18
417,visite,访问,18
418,capable,有能力的,18
419,annoncer,宣布,18
420,enseignement,教育,18
421,gentil,种类,18
422,or,或者,18
423,entrée,主菜,18
424,texto,文本,18
425,dessus,多于,18
426,Tokura,德仓,18
427,remarquer,评论,18
428,),）,18
429,plein,普莱因,18
430,intérieur,内部的,18
431,eau,淡香水,18
432,cacher,隐藏,18
433,cinq,五,18
434,vacance,假期,18
435,sœur,姐姐,18
436,autour,大约,18
437,vengeance,复仇,18
438,lever,杠杆,18
439,asseoir,坐,17
440,bouche,布什,17
441,scolaire,学校,17
442,plan,计划,17
443,parfois,有时,17
444,rater,评价者,17
445,déclarer,公布,17
446,choisir,选择,17
447,valeur,价值,17
448,réalité,现实,17
449,considérer,考虑,17
450,proviseur,主要的,17
451,envoyer,发送,17
452,bonheur,幸福,17
453,test,测试,17
454,possible,可能的,17
455,centre,中心,17
456,sorte,种类,17
457,rêve,梦,17
458,perdre,失去,17
459,harcèlement,骚扰,17
460,vivant,活力十足,17
461,machine,机器,17
462,compter,数数,17
463,féliciter,祝贺,17
464,preuve,证据,17
465,type,类型,17
466,établissement,设立,16
467,espérer,希望,16
468,1,1,16
469,numéro,数字,16
470,Monsieur,先生,16
471,niveau,等级,16
472,bureau,局,16
473,4,4,16
474,principe,普林西比,16
475,malade,生病的,16
476,absolument,绝对地,16
477,plaisir,乐趣,16
478,hôpital,医院,16
479,agir,行动,16
480,réaliser,意识到,16
481,poche,很少,16
482,doigt,手指,16
483,vidéo,视频,16
484,B,乙,16
485,nul,无,16
486,Ayaka,绫香,16
487,projet,项目,16
488,vide,维迪,15
489,profiter,享受,15
490,occasion,场合,15
491,pauvre,贫穷的,15
492,attention,注意力,15
493,partie,部分,15
494,réfléchir,反思,15
495,accompagner,陪,15
496,média,平均的,15
497,camarade,同志,15
498,photo,照片,15
499,lendemain,第二天,15
500,ami,阿米,15
501,société,公司,15
502,vite,迅速地,15
503,hasard,机会,15
504,regretter,后悔,15
505,rencontrer,见面,15
506,assassiner,谋杀,15
507,inventer,发明,15
508,simplement,简单地,15
509,franchement,坦率地说,15
510,labo,拉博,15
511,détester,讨厌,15
512,autrement,否则,15
513,Mizuho,瑞穗,15
514,salon,沙龙,15
515,pied,花哨的,15
516,imbécile,愚蠢的,15
517,demain,明天,15
518,mur,穆尔,15
519,bombe,炸弹,15
520,adresser,地址,14
521,long,长的,14
522,travailler,上班,14
523,table,桌子,14
524,retrouver,寻找,14
525,collégien,大学生,14
526,état,国家,14
527,protéger,保护,14
528,Takenaka,竹中,14
529,papier,纸质的,14
530,puisqu’,自从,14
531,chacun,每个,14
532,beau,花花公子,14
533,enfermer,锁起来,14
534,lancer,枪骑兵,14
535,génial,惊人的,14
536,A,A,14
537,connaissance,意识,14
538,prononcer,发音,14
539,parole,言语,14
540,directement,直接地,14
541,journée,白天,14
542,valoir,值得,14
543,surprise,惊喜,14
544,marcher,走,14
545,cent,分,13
546,période,时期,13
547,choix,选择,13
548,remplir,充满,13
549,prétexte,借口,13
550,enseigner,教,13
551,Masayoshi,正义,13
552,expérience,经验,13
553,nuit,夜,13
554,appel,上诉,13
555,personnel,人员,13
556,haine,衣服,13
557,Oh,哦,13
558,noir,黑色,13
559,quitter,放弃者,13
560,sac,囊,13
561,autant,尽可能多,13
562,attirer,吸引,13
563,contraire,对面的,13
564,mesure,措施,13
565,noyer,核桃,13
566,génie,天才,13
567,page,页,13
568,bout,回合,13
569,délégué,代表,13
570,supérette,便利店,13
571,hikikomori,蛰小森,13
572,honte,耻辱,13
573,secondaire,中学,12
574,grâce,优雅,12
575,laboratoire,实验室,12
576,expliquer,解释,12
577,événement,事件,12
578,calme,冷静的,12
579,propos,提案,12
580,ici,伊西,12
581,ignorer,忽略,12
582,personnellement,亲自,12
583,répéter,重复,12
584,règle,统治者,12
585,malgré,尽管,12
586,rapport,关系,12
587,physique,体质,12
588,sérieux,严肃的,12
589,contaminer,污染,12
590,longtemps,很长时间,12
591,toute,全部,12
592,joue,戏剧,12
593,base,根据,12
594,manquer,错过,12
595,loi,莱,12
596,responsabilité,责任,12
597,décevoir,辜负,12
598,éclater,爆裂,12
599,manuel,曼努埃尔,12
600,scientifique,科学家,12
601,cuisine,美食,12
602,proposer,提议者,12
603,retour,后退,12
604,lourd,重的,12
605,crier,哭泣者,12
606,œil,眼睛,12
607,foutre,他妈的,12
608,courir,跑步,12
609,phrase,短语,12
610,peiner,佩纳,12
611,crever,死,12
612,châtier,惩戒,12
613,ancien,古代,12
614,douter,怀疑,12
615,néanmoins,尽管如此,11
616,film,电影,11
617,public,民众,11
618,boîte,盒子,11
619,adulte,成人,11
620,quatrième,第四,11
621,concours,竞赛,11
622,éducation,教育,11
623,époque,时代,11
624,conscience,良心,11
625,simple,简单的,11
626,reprendre,恢复,11
627,confiance,相信,11
628,général,一般的,11
629,rappeler,提醒,11
630,obliger,有义务,11
631,permettre,允许,11
632,été,夏天,11
633,choc,巧克力,11
634,habiter,居住,11
635,donne,多恩,11
636,oreille,耳朵,11
637,commercial,商业的,11
638,chocolat,巧克力,11
639,croiser,叉,11
640,tour,旅游,11
641,feuille,叶子,11
642,vêtement,服装,11
643,minute,分钟,11
644,attraper,抓住,11
645,image,图像,11
646,dangereux,危险的,11
647,téléphoner,称呼,11
648,immédiatement,立即地,11
649,reconnaître,认出,11
650,remercier,感谢,11
651,vue,视图,11
652,inquiéter,担心,11
653,suivant,下列的,11
654,tennis,网球,11
655,sonner,戒指,11
656,laver,紫菜,11
657,découvrir,发现,11
658,(,（,11
659,vieux,老,11
660,couper,切,11
661,bulle,公牛队,11
662,hurler,投手,11
663,ouais,是的,11
664,cible,目标,11
665,marécage,沼泽,11
666,casier,储物柜,10
667,santé,健康,10
668,supérieur,优越的,10
669,système,系统,10
670,combien,多少,10
671,effectivement,有效地,10
672,également,还,10
673,auprès,和,10
674,cinquième,第五,10
675,effet,影响,10
676,chimie,化学,10
677,bref,短的,10
678,métier,工作,10
679,lycée,中学,10
680,près,关闭,10
681,limite,限制,10
682,quatre,四,10
683,fameux,著名的,10
684,souvent,经常,10
685,plaire,取悦,10
686,réellement,真的,10
687,erreur,错误,10
688,quartier,邻里,10
689,accord,符合,10
690,plupart,普卢帕特,10
691,traiter,治疗,10
692,provoquer,去挑衅,10
693,difficile,艰难梭菌,10
694,téléphone,电话,10
695,responsable,负责任的,10
696,risquer,风险,10
697,grave,坟,10
698,entier,全部的,10
699,marier,结婚,10
700,terrible,糟糕的,10
701,attitude,态度,10
702,humain,人类,10
703,bain,贝恩,10
704,papa,爸爸,10
705,inscrire,登记,10
706,Muku,你,10
707,secret,秘密,10
708,offrir,提供,10
709,hein,海因,10
710,vérifier,查看,10
711,condamner,谴责,10
712,approcher,方法,10
713,occuper,占据,10
714,tendre,投标,10
715,mien,面,10
716,acte,行为,10
717,idéal,理想的,10
718,rôle,角色,10
719,exposition,博览会,10
720,internet,互联网,10
721,couteau,刀,10
722,serrer,挤,10
723,forcer,力量,10
724,message,信息,10
725,comportement,行为,10
726,certainement,当然,10
727,blague,玩笑,10
728,électrique,电的,10
729,entièrement,完全,10
730,science,科学,10
731,jeu,游戏,10
732,justement,确切地,10
733,récit,叙述,10
734,bête,兽,10
735,courage,勇气,10
736,bouger,移动,10
737,poids,重量,10
738,individuel,个人,10
739,atmosphère,气氛,10
740,mensonge,说谎,10
741,exister,存在,10
742,parfaitement,完美,10
743,disparaître,消失,10
744,brimade,欺凌,10
745,hier,这里,10
746,exploser,爆炸,10
747,soudain,突然,10
748,magasin,店铺,10
749,gamin,孩子,10
750,recommencer,重新开始,10
751,zombie,僵尸,10
752,l,我,10
753,Miyuki,美雪,10
754,s,s,9
755,adresse,地址,9
756,est,东方,9
757,étude,学习,9
758,recherche,研究,9
759,chemin,小路,9
760,moyen,平均的,9
761,enfance,童年,9
762,convaincre,说服,9
763,scène,场景,9
764,tombe,落下,9
765,3,3,9
766,administration,行政,9
767,équipe,团队,9
768,précisément,恰恰,9
769,séropositif,艾滋病毒呈阳性,9
770,respirer,呼吸,9
771,sport,运动,9
772,titre,滴度,9
773,crèche,托儿所,9
774,réunion,会议,9
775,terre,土地,9
776,amuser,逗乐,9
777,fermer,关闭,9
778,ouvert,打开,9
779,milieu,环境,9
780,voisin,我可以,9
781,selon,根据,9
782,souffrir,遭受,9
783,personnalité,性格,9
784,extérieur,外部,9
785,local,当地的,9
786,glissière,滑动,9
787,intéresser,有兴趣,9
788,ordinateur,电脑,9
789,dossier,卷宗,9
790,appareil,设备,9
791,tirette,拉链,9
792,ajouter,添加,9
793,Antivol,防小偷,9
794,écrier,写,9
795,pire,皮雷,9
796,aider,帮助,9
797,haut,高的,9
798,manque,缺少,9
799,juger,法官,9
800,lèvre,唇,9
801,faible,虚弱的,9
802,habitude,习惯,9
803,résoudre,解决,9
804,descendre,下来,9
805,supporter,支持者,9
806,geste,手势,9
807,participer,参加,9
808,prévoir,期待,9
809,mari,马里,9
810,réponse,回答,9
811,porno,色情,9
812,électromécanique,机电的,9
813,venger,复仇,9
814,prier,祈祷,8
815,rassurer,安抚,8
816,médical,医疗的,8
817,avril,艾薇儿,8
818,pénible,难的,8
819,assurer,确保,8
820,phase,阶段,8
821,uniquement,独特地,8
822,travers,穿越者,8
823,décision,决定,8
824,cool,凉爽的,8
825,réaction,反应,8
826,facilement,容易地,8
827,poursuivre,追求,8
828,gagner,赚,8
829,hésiter,犹豫,8
830,département,部门,8
831,bêtise,愚蠢,8
832,important,重要的,8
833,second,第二,8
834,particulier,特别的,8
835,étonner,震惊,8
836,expression,表达,8
837,posséder,具有,8
838,2,2,8
839,copine,女朋友,8
840,hors,开胃菜,8
841,pédagogique,教育学,8
842,dehors,出去,8
843,courant,时事报,8
844,aide,助手,8
845,admettre,承认,8
846,impossible,不可能的,8
847,angoisse,痛苦,8
848,dormir,睡觉,8
849,éprouver,经验,8
850,assassinat,暗杀者,8
851,interdire,禁止,8
852,province,省,8
853,gâteau,蛋糕,8
854,grand-mère,祖母,8
855,durer,最后的,8
856,chaussure,鞋,8
857,forme,形状,8
858,jogging,跑步,8
859,insister,坚持,8
860,toilette,盥洗用品,8
861,ball,球,8
862,tirer,拉,8
863,détail,细节,8
864,créer,创造,8
865,minimum,最低限度,8
866,cyanure,氰化物,8
867,potassium,钾,8
868,psychologique,心理,8
869,idiot,笨蛋,8
870,amusant,有趣,8
871,sécurité,安全,8
872,nécessaire,必要的,8
873,écran,屏幕,8
874,payer,付款人,8
875,appartenir,属于,8
876,obtenir,得到,8
877,exprimer,表达,8
878,fier,铁,8
879,coin,硬币,8
880,décharge,倾倒,8
881,membre,成员,8
882,talent,天赋,8
883,couler,流动,8
884,remonter,回去,8
885,sursauter,跳,8
886,éliminer,排除,8
887,cou,凑,8
888,châtiment,惩罚,8
889,dénoncer,声讨,8
890,afin,为了,8
891,totalement,完全,8
892,monsieur,先生,8
893,distance,距离,8
894,fenêtre,窗户,8
895,organiser,组织者,8
896,total,全部的,8
897,fou,缶,8
898,informer,告密者,8
899,sauver,节省,8
900,caresser,抚摸,8
901,souci,担心,8
902,reposer,休息,8
903,cadavre,尸体,8
904,manie,狂躁,8
905,bouton,布顿,8
906,’,False,8
907,inventeur,发明者,8
908,content,内容,8
909,rapporter,报告,7
910,merci,谢谢,7
911,lors,期间,7
912,suggérer,建议,7
913,floutage,模糊,7
914,argent,银色,7
915,nombreux,许多,7
916,individu,个人,7
917,figurer,人物,7
918,mademoiselle,小姐,7
919,bande,乐队,7
920,partout,到处,7
921,publier,发布,7
922,certes,当然,7
923,médecin,医生,7
924,prêt,准备好,7
925,élever,增加,7
926,genou,膝盖,7
927,parmi,之中,7
928,compassion,同情,7
929,héros,英雄,7
930,secours,宽慰,7
931,inutile,无用,7
932,conversation,对话,7
933,confier,委托,7
934,prouver,证明,7
935,enceint,孕,7
936,cérémonie,仪式,7
937,vih,艾滋病病毒,7
938,lecture,演讲,7
939,moitié,一半,7
940,commentaire,评论,7
941,existence,存在,7
942,envisager,考虑,7
943,adorer,爱,7
944,doux,柔软的,7
945,environ,环境,7
946,blanc,布兰克,7
947,prochain,下一个,7
948,deviner,猜测,7
949,battre,打,7
950,pain,疼痛,7
951,signe,西涅,7
952,surprendre,惊喜,7
953,malheureusement,很遗憾,7
954,aîné,长老,7
955,véritable,真的,7
956,clé,钥匙,7
957,accuser,原告,7
958,âme,灵魂,7
959,effondrer,坍塌,7
960,balle,球,7
961,prévenir,防止,7
962,intérêt,兴趣,7
963,fermeture,关闭,7
964,repenser,重新思考,7
965,appuyer,按,7
966,signifier,能指,7
967,tableau,画面,7
968,produire,生产,7
969,tester,测试员,7
970,nez,内兹,7
971,chéri,亲爱的,7
972,Happy,快乐的,7
973,Town,镇,7
974,cadeau,礼物,7
975,encourager,鼓励,7
976,cri,呼喊声,7
977,face,脸,7
978,froid,寒冷的,7
979,meurtre,谋杀,7
980,amener,带来,7
981,étrange,奇怪的,7
982,sincèrement,真挚地,7
983,copie,复制,7
984,pression,压力,7
985,espoir,希望,7
986,respecter,尊重,7
987,bébé,婴儿,7
988,horrible,可怕,7
989,facile,容易的,7
990,ressentir,感觉,7
991,clair,克莱尔,7
992,lentement,慢慢地,7
993,rouge,胭脂,7
994,figure,数字,7
995,tôt,早期的,7
996,vélo,自行车,7
997,étage,地面,7
998,juillet,七月,7
999,pièce,片,7
1000,pii,皮伊,7
1001,réveil,唤醒,7
1002,témoin,证人,7
1003,décidément,坚决地,7
1004,lave,制作,7
1005,hamburger,汉堡包,7
1006,réveiller,唤醒,7
1007,biscuit,饼干,7
1008,arme,武装的,7
1009,Seguchi,濑口,7
1010,quotidien,日常的,6
1011,priver,剥夺,6
1012,traverser,跨越,6
1013,colère,愤怒,6
1014,fonction,功能,6
1015,extraordinaire,非凡的,6
1016,étudier,学习,6
1017,plaindre,抱怨,6
1018,dépasser,超过,6
1019,consacrer,奉献,6
1020,ci,词,6
1021,dur,杜尔,6
1022,anglais,英语,6
1023,but,但,6
1024,désolé,对不起,6
1025,rêver,梦,6
1026,leçon,课,6
1027,apprécier,欣赏,6
1028,passion,热情,6
1029,développer,发展,6
1030,discours,演讲,6
1031,programme,程序,6
1032,contact,接触,6
1033,léger,光,6
1034,respiration,呼吸,6
1035,patience,耐心,6
1036,désespoir,绝望,6
1037,volonté,将要,6
1038,ferme,农场,6
1039,volontairement,自愿地,6
1040,18,18,6
1041,service,服务,6
1042,morceau,片,6
1043,grillage,栅栏,6
1044,fourrure,毛皮,6
1045,promettre,承诺,6
1046,revoir,再见,6
1047,activité,活动,6
1048,vestiaire,更衣室,6
1049,suffisamment,足够的,6
1050,dix,迪克斯,6
1051,sommeil,睡觉,6
1052,remettre,放回去,6
1053,démissionner,辞职,6
1054,montre,手表,6
1055,violence,暴力,6
1056,spécialement,尤其,6
1057,émotion,情感,6
1058,observer,观察者,6
1059,marche,马尔凯,6
1060,importance,重要性,6
1061,fillette,小姑娘,6
1062,tranquille,冷静的,6
1063,poste,然后,6
1064,compliqué,复杂的,6
1065,récupérer,恢复,6
1066,scandale,丑闻,6
1067,mentir,撒谎,6
1068,garde,加尔德,6
1069,voyage,航程,6
1070,présent,这里,6
1071,veille,前一天,6
1072,passé,过去的,6
1073,adieu,再见,6
1074,voiture,车,6
1075,frapper,打,6
1076,au-dessus,多于,6
1077,;,False,6
1078,b.,b.,6
1079,a.,A。,6
1080,électrocuter,触电,6
1081,objet,对象,6
1082,mise,米塞,6
1083,jury,陪审团,6
1084,capacité,能力,6
1085,six,六,6
1086,bientôt,很快,6
1087,maintenir,维持,6
1088,game,游戏,6
1089,center,中心,6
1090,primer,底漆,6
1091,aise,简单的,6
1092,complice,同案犯,6
1093,terme,学期,6
1094,différence,不同之处,6
1095,analyse,分析,6
1096,printemps,春天,6
1097,parvenir,达到,6
1098,ça,那,6
1099,ah,啊,6
1100,conseil,建议,6
1101,mai,可能,6
1102,maths,数学,6
1103,joie,乔伊,6
1104,faux,假的,6
1105,gêner,阻碍,6
1106,procéder,继续,6
1107,répandre,传播,6
1108,effort,努力,6
1109,étouffer,呛,6
1110,semblant,相似的,6
1111,Takahiro,贵宏,6
1112,Maki,真木,6
1113,coller,科勒,6
1114,canette,能,6
1115,fuir,逃跑,6
1116,mordre,咬,6
1117,essuyer,擦拭,6
1118,taire,牧师,6
1119,échec,失败,6
1120,traditionnel,传统的,6
1121,mars,火星,6
1122,gentillesse,善良,6
1123,assiette,盘子,6
1124,Mariko,真理子,6
1125,envers,向,6
1126,certificat,证书,6
1127,accourir,跑起来,6
1128,employé,员工,6
1129,intelligent,聪明的,6
1130,carotte,萝卜,6
1131,feu,火,6
1132,Domino,骨牌,6
1133,Burger,汉堡包,6
1134,trembler,发抖,6
1135,gêne,尴尬的,6
1136,boue,泥,6
1137,galerie,画廊,6
1138,o,哦,6
1139,Hein,海因,5
1140,campagne,活动,5
1141,distribution,分配,5
1142,croissance,生长,5
1143,moyenne,平均的,5
1144,égal,平等的,5
1145,cobaye,豚鼠,5
1146,foi,他是,5
1147,tendance,趋势,5
1148,verre,玻璃,5
1149,calcium,钙,5
1150,développement,发展,5
1151,énormément,极大地,5
1152,emporter,带走,5
1153,peut-,能-,5
1154,engager,从事,5
1155,mission,使命,5
1156,échapper,逃脱,5
1157,fonctionner,功能,5
1158,départ,离开,5
1159,respect,尊重,5
1160,survenir,发生,5
1161,convoquer,召开,5
1162,fixer,固定器,5
1163,gosse,戈斯,5
1164,série,系列,5
1165,ennui,倦怠,5
1166,bel,贝尔,5
1167,correct,正确的,5
1168,interrompre,打断,5
1169,lumière,光,5
1170,sérieusement,严重地,5
1171,heureusement,幸运的是,5
1172,surveiller,观看,5
1173,ridicule,嘲笑,5
1174,eh,呃,5
1175,toutefois,然而,5
1176,présence,在场,5
1177,roman,罗马,5
1178,transmettre,发送,5
1179,porteur,载体,5
1180,risque,有伤风化的,5
1181,voie,方式,5
1182,incroyable,惊人的,5
1183,infecter,感染,5
1184,énorme,巨大的,5
1185,évident,明显的,5
1186,repas,一顿饭,5
1187,infirmerie,医务室,5
1188,peluche,豪华的,5
1189,motif,主题,5
1190,entraîner,火车,5
1191,gonfler,胀,5
1192,confirmer,确认,5
1193,conclure,得出结论,5
1194,glisser,滑动,5
1195,profondément,深,5
1196,causer,原因,5
1197,celui-ci,唯一的那个,5
1198,Kitahara,北原,5
1199,fumer,吸烟,5
1200,20,20,5
1201,majorité,多数,5
1202,mémoire,记忆,5
1203,mélanger,混合,5
1204,retirer,提取,5
1205,droguerie,药店,5
1206,établir,建立,5
1207,sauter,索特,5
1208,récemment,最近,5
1209,déposer,订金,5
1210,entourer,环绕,5
1211,pleur,悲伤,5
1212,couloir,走廊,5
1213,baisser,降低,5
1214,frisson,颤抖,5
1215,élément,元素,5
1216,bizarre,奇异的,5
1217,juin,六月,5
1218,bée,无言以对,5
1219,avaler,吞,5
1220,pose,姿势,5
1221,remontrance,谏,5
1222,date,日期,5
1223,circuit,电路,5
1224,soulever,增加,5
1225,taper,锥度,5
1226,circonstance,环境,5
1227,interroger,问题,5
1228,logique,逻辑,5
1229,vanter,吹牛,5
1230,tromper,欺骗,5
1231,définitive,确定的,5
1232,reconnaissance,侦察,5
1233,accomplir,完成,5
1234,grandir,成长,5
1235,outre,除了,5
1236,puissance,力量,5
1237,silence,安静,5
1238,préoccuper,担心,5
1239,soi,所以我,5
1240,poignet,手腕,5
1241,mériter,应得,5
1242,célibataire,单身的,5
1243,nettoyer,清洁,5
1244,proposition,主张,5
1245,avance,进步,5
1246,épaule,肩膀,5
1247,incapable,无法,5
1248,quant,定量,5
1249,hypothèse,假设,5
1250,soin,关心,5
1251,riz,里兹,5
1252,goût,品尝,5
1253,souhaiter,希望,5
1254,justice,正义,5
1255,absent,缺席的,5
1256,souffrance,痛苦,5
1257,rhume,普通感冒,5
1258,malheur,不幸,5
1259,naturel,自然的,5
1260,maquiller,化妆品,5
1261,thé,这,5
1262,corvée,杂务,5
1263,rond,圆形的,5
1264,agresser,突击,5
1265,fête,宴请,5
1266,rougir,脸红,5
1267,cesser,停止,5
1268,vague,模糊的,5
1269,procès,审判,5
1270,brique,砖,5
1271,subir,提升,5
1272,atteindre,抵达,5
1273,seconde,第二,5
1274,sol,溶胶,5
1275,minuit,午夜,5
1276,rivière,河,5
1277,boisson,饮料,5
1278,quantité,数量,5
1279,amoureux,情人,5
1280,placer,砂矿,5
1281,remarier,再婚,5
1282,vomir,呕吐,5
1283,rideau,里多,5
1284,incliner,倾斜,5
1285,foyer,门厅,5
1286,marque,品牌,5
1287,escalier,楼梯,5
1288,adolescence,青春期,5
1289,ressortir,脱颖而出,5
1290,propreté,清洁度,5
1291,frotter,擦,5
1292,sale,销售,5
1293,monaka,摩纳哥,5
1294,sachet,香囊,5
1295,envier,嫉妒,5
1296,action,行动,5
1297,consulter,咨询,5
1298,ongle,指甲,5
1299,odeur,闻,5
1300,saleté,污垢,5
1301,carapace,甲壳,5
1302,boulette,颗粒,5
1303,suffisant,充足的,5
1304,gueule,嘴,5
1305,secouer,摇,5
1306,cul,文化,5
1307,pays,支付,5
1308,n,n,5
1309,fini,结束,4
1310,départemental,部门的,4
1311,grimace,鬼脸,4
1312,solide,坚硬的,4
1313,transmission,传播,4
1314,sexuel,性的,4
1315,prétendre,假装,4
1316,différent,不同的,4
1317,définitivement,确实,4
1318,5,5,4
1319,bachot,巴乔特,4
1320,obligatoire,强制性的,4
1321,repos,回购协议,4
1322,emploi,工作,4
1323,désir,欲望,4
1324,présente,展示,4
1325,défi,挑战,4
1326,pratique,实际的,4
1327,mode,模式,4
1328,renvoyer,退还,4
1329,chaud,热的,4
1330,aborder,降落,4
1331,dame,贵妇人,4
1332,sacerdoce,祭司职分,4
1333,enthousiasme,热情,4
1334,supplier,供应商,4
1335,surnom,昵称,4
1336,modèle,模型,4
1337,relation,关系,4
1338,intervenir,介入,4
1339,repartir,分发,4
1340,excuser,借口,4
1341,dérouler,展开,4
1342,ordinaire,普通的,4
1343,sieur,先生,4
1344,urgence,紧急情况,4
1345,légal,合法的,4
1346,conseiller,建议,4
1347,recommander,推荐,4
1348,reprocher,责备,4
1349,abandonner,放弃,4
1350,suicide,自杀,4
1351,profond,深的,4
1352,mariage,婚姻,4
1353,coucher,睡觉,4
1354,curieux,好奇的,4
1355,partager,分享,4
1356,couvert,覆盖,4
1357,animal,动物,4
1358,bisou,吻,4
1359,refaire,重做,4
1360,étranger,陌生人,4
1361,condition,状况,4
1362,sordide,肮脏的,4
1363,infini,无穷,4
1364,commun,共同的,4
1365,reporter,记者,4
1366,jusque,直到,4
1367,midi,迷笛,4
1368,16,16,4
1369,échanger,交换,4
1370,énergie,活力,4
1371,saint-valentin,情人节,4
1372,course,课程,4
1373,relever,增加,4
1374,éloigner,消除,4
1375,triste,伤心,4
1376,emmener,带走,4
1377,Hoshino,星野,4
1378,hiver,冬天,4
1379,chaîne,链,4
1380,noyade,溺水,4
1381,déchirer,撕裂,4
1382,grille,格栅,4
1383,correspondre,匹配,4
1384,nourrir,喂养,4
1385,lorsqu’,什么时候,4
1386,alcool,酒精,4
1387,exact,精确的,4
1388,oncle,叔叔,4
1389,revanche,复仇,4
1390,criminelle,刑事,4
1391,divers,潜水员,4
1392,blog,博客,4
1393,lunatique,喜怒无常,4
1394,folie,疯狂,4
1395,bah,呸,4
1396,mental,精神的,4
1397,punir,为了惩罚,4
1398,contraindre,约束,4
1399,voisinage,邻里,4
1400,portée,范围,4
1401,gymnase,健身房,4
1402,excuse,借口,4
1403,personnage,特点,4
1404,regret,后悔,4
1405,texte,文本,4
1406,article,文章,4
1407,sous-vêtement,内衣,4
1408,jardin,花园,4
1409,chat,聊天,4
1410,fur,毛皮,4
1411,docteur,医生,4
1412,manga,漫画,4
1413,langue,语言,4
1414,fatigue,疲劳,4
1415,beauté,美丽,4
1416,persuader,说服,4
1417,apposer,词缀,4
1418,marquer,标记,4
1419,prénom,名,4
1420,améliorer,提升,4
1421,conclusion,结论,4
1422,révéler,揭示,4
1423,catégorie,类别,4
1424,dépendre,依靠,4
1425,raisonnement,推理,4
1426,satisfaire,满足,4
1427,jugement,判断,4
1428,admirer,爱慕者,4
1429,élite,精英,4
1430,autorité,权威,4
1431,banal,平庸的,4
1432,jalousie,妒忌,4
1433,d,d,4
1434,jusque-là,直到那里,4
1435,viser,节目,4
1436,cependant,然而,4
1437,savon,萨翁,4
1438,désagréable,不愉快,4
1439,blesser,伤害,4
1440,pétard,花火,4
1441,paniquer,恐慌,4
1442,nombre,姓名,4
1443,février,二月,4
1444,repousser,击退,4
1445,information,信息,4
1446,joli,漂亮的,4
1447,bonjour,你好,4
1448,murmurer,耳语,4
1449,succès,成功,4
1450,filer,文件管理器,4
1451,réflexion,反射,4
1452,tension,紧张,4
1453,jus,正义,4
1454,mouiller,湿的,4
1455,enfuir,逃脱,4
1456,sujet,主题,4
1457,prélever,拿,4
1458,sage,智者,4
1459,Yūko,优子,4
1460,littéraire,文学的,4
1461,attribuer,分配,4
1462,Yoshiki,芳树,4
1463,étudiant,学生,4
1464,cachette,藏身之地,4
1465,soulager,缓解,4
1466,neuf,九,4
1467,particulièrement,特别,4
1468,égarer,误导,4
1469,refermer,关闭,4
1470,explication,解释,4
1471,pitié,遗憾,4
1472,méprendre,带我去,4
1473,avis,安飞士,4
1474,clairement,清楚地,4
1475,réagir,反应,4
1476,front,正面,4
1477,acquiescer,默许,4
1478,vendredi,星期五,4
1479,inviter,邀请,4
1480,Tokyo,东京,4
1481,cherche,寻找,4
1482,nommer,数字,4
1483,familial,家族的,4
1484,franchir,叉,4
1485,soleil,太阳,4
1486,ligne,利涅,4
1487,étonnant,惊人的,4
1488,merde,拉屎,4
1489,poitrine,胸部,4
1490,souiller,玷污,4
1491,tueur,杀手,4
1492,gorge,峡谷,4
1493,gras,格拉斯,4
1494,enlever,去除,4
1495,douche,冲洗,4
1496,dîner,晚餐,4
1497,auparavant,之前,4
1498,courrier,邮件,4
1499,douleur,疼痛,4
1500,haïr,恨,4
1501,ciseau,凿,4
1502,écarter,解雇,4
1503,ressembler,看起来像,4
1504,repasser,铁,4
1505,guise,伪装,4
1506,sonnerie,警报,4
1507,faillir,失败,4
1508,refus,拒绝,4
1509,domicile,住所,4
1510,insupportable,无法忍受的,4
1511,félicitation,恭喜,4
1512,statut,地位,4
1513,rejeter,解雇,4
1514,verser,倒,4
1515,relâcher,释放,4
1516,rejoindre,加入,4
1517,pâtisserie,糕点店,4
1518,acquérir,获得,4
1519,gare,车站,4
1520,serviette,毛巾,4
1521,vaisselle,菜肴,4
1522,endormir,睡着,4
1523,déjeuner,午餐,4
1524,oreiller,枕头,4
1525,résonner,谐振,4
1526,champ,冠军,4
1527,raser,比赛,4
1528,zéro,零,4
1529,dedans,里面,4
1530,suicider,自杀,4
1531,exprès,故意,4
1532,lier,利尔,4
1533,supprimer,删除,4
1534,poil,头发,4
1535,pote,带来,4
1536,lâcher,松手,4
1537,vachement,真的,4
1538,accroupir,蹲伏,4
1539,jambe,腿,4
1540,échouer,失败,4
1541,pupitre,桌子,4
1542,réunir,团聚,4
1543,mobile,移动的,4
1544,ordre,命令,4
1545,faculté,学院,4
1546,électroménager,家电,4
1547,lit,点亮,4
1548,entrailles,内脏,4
1549,belle-mère,后妈,4
1550,marchand,马尔尚,4
1551,tourne,转身,4
1552,pardonner,原谅,4
1553,désamorcer,化解,4
1554,désigner,指定,3
1555,distribuer,分发,3
1556,densité,密度,3
1557,commission,委员会,3
1558,destiner,命运,3
1559,t,t,3
1560,contenter,内容,3
1561,humeur,情绪,3
1562,enveloppe,信封,3
1563,semblable,相似的,3
1564,quitte,退出,3
1565,démission,辞职,3
1566,repose,休息,3
1567,bourse,交易所,3
1568,région,地区,3
1569,réviser,修订,3
1570,correctement,正确地,3
1571,traîner,挂出,3
1572,huit,八,3
1573,enseigne,教过的,3
1574,actif,积极的,3
1575,leader,领导者,3
1576,blessure,受伤,3
1577,encontre,反对,3
1578,guerre,战争,3
1579,route,路线,3
1580,cap,帽,3
1581,déborder,溢出,3
1582,parfait,冻糕,3
1583,imposer,强加,3
1584,pur,普尔,3
1585,tutoyer,熟悉一下自己,3
1586,politesse,礼貌,3
1587,exiger,要求,3
1588,gérer,管理,3
1589,perdant,失去,3
1590,inattendu,意外,3
1591,lover,情人,3
1592,hotel,酒店,3
1593,collègue,同事,3
1594,homosexuel,同性恋者,3
1595,confesser,承认,3
1596,trouble,麻烦,3
1597,honneur,荣誉,3
1598,féminin,女性化的,3
1599,remplacer,代替,3
1600,officiellement,正式,3
1601,véritablement,确实,3
1602,consister,组成,3
1603,copain,男朋友,3
1604,résumer,总结一下,3
1605,rang,响,3
1606,craindre,害怕,3
1607,attrape,捕捉,3
1608,poignée,处理,3
1609,taux,速度,3
1610,chiffre,数字,3
1611,réel,真实的,3
1612,spontanément,自发地,3
1613,intérieurement,内部,3
1614,renoncer,放弃,3
1615,naissance,出生,3
1616,rétablir,恢复,3
1617,mercredi,周三,3
1618,dessin,绘画,3
1619,lycéen,高中学生,3
1620,dessiner,画,3
1621,briller,眼镜,3
1622,mignon,牛排,3
1623,Saint-Valentin,情人节,3
1624,achat,购买,3
1625,sec,秒,3
1626,demi-,半-,3
1627,ennuyer,惹恼,3
1628,mlle,错过,3
1629,saison,季节,3
1630,transporter,转运者,3
1631,faim,饥饿,3
1632,interdiction,拦截,3
1633,requérir,要求,3
1634,Deux,二,3
1635,soupçon,怀疑,3
1636,pâle,苍白,3
1637,perpétrer,犯,3
1638,vif,振动频率,3
1639,menace,威胁,3
1640,mouvement,移动,3
1641,dose,剂量,3
1642,poison,毒,3
1643,policier,警官,3
1644,Lune,月形,3
1645,mythologie,神话,3
1646,pseudonyme,笔名,3
1647,effleurer,触碰,3
1648,protection,保护,3
1649,motivation,动机,3
1650,auteur,作者,3
1651,vent,发泄,3
1652,recouvrir,覆盖,3
1653,dévoiler,揭幕,3
1654,péter,彼得,3
1655,hyper,超,3
1656,orgueil,自豪,3
1657,soutien,支持,3
1658,rédaction,写作,3
1659,T,时间,3
1660,vexation,烦恼,3
1661,strict,严格的,3
1662,permission,允许,3
1663,séparation,分离,3
1664,résister,抵抗,3
1665,ramener,带回来,3
1666,batteur,鼓手,3
1667,ménage,家庭,3
1668,balayer,扫,3
1669,examiner,考官,3
1670,100,100,3
1671,c,C,3
1672,achever,结束,3
1673,admiration,钦佩,3
1674,web,网络,3
1675,net,网,3
1676,excellent,出色的,3
1677,matière,事情,3
1678,électricité,电,3
1679,boutique,精品店,3
1680,contenir,包含,3
1681,saisir,输入,3
1682,violent,暴力,3
1683,fâcher,生气的,3
1684,habituel,通常,3
1685,électrocution,电刑,3
1686,sceau,海豹,3
1687,proche,关闭,3
1688,colonne,柱子,3
1689,antivol,防小偷,3
1690,monnaie,现金,3
1691,tampon,卫生棉条,3
1692,solution,解决方案,3
1693,corriger,纠正,3
1694,défaut,默认,3
1695,enfantin,幼稚,3
1696,délivrer,问题,3
1697,chef,厨师,3
1698,“,False,3
1699,”,False,3
1700,satisfaction,满意,3
1701,fiction,小说,3
1702,interview,面试,3
1703,rechercher,研究,3
1704,magazine,杂志,3
1705,célèbre,著名的,3
1706,est-,东方-,3
1707,court,法庭,3
1708,musculation,健美,3
1709,choquer,楔子,3
1710,entraînement,训练,3
1711,percevoir,感知,3
1712,humiliation,屈辱,3
1713,retomber,倒退,3
1714,trou,特鲁,3
1715,replonger,潜回,3
1716,aile,家庭,3
1717,défouler,发泄一下,3
1718,voler,想,3
1719,parier,下注,3
1720,méchant,邪恶,3
1721,poule,鸡,3
1722,règlement,沉降,3
1723,fréquenter,经常,3
1724,marché,走,3
1725,tremblement,震颤,3
1726,dégager,脱离,3
1727,glacial,冰川的,3
1728,normalement,通常情况下,3
1729,chambouler,颠倒过来,3
1730,financier,金融家,3
1731,joueur,玩家,3
1732,erroné,错误的,3
1733,démonter,拆卸,3
1734,absence,缺席,3
1735,cardiaque,心脏的,3
1736,évanouir,头晕的,3
1737,effacer,擦掉,3
1738,sincère,真诚,3
1739,concrètement,具体地,3
1740,gustatif,品尝,3
1741,positif,积极的,3
1742,rue,后悔,3
1743,revue,评论,3
1744,oppresser,压迫者,3
1745,direction,方向,3
1746,enrichir,丰富,3
1747,casser,打破,3
1748,rayon,人造丝,3
1749,exercice,锻炼,3
1750,ranger,护林员,3
1751,mail,邮件,3
1752,Ryōji,亮司,3
1753,habiller,裙子,3
1754,goûter,去尝尝,3
1755,lourdement,重重地,3
1756,surlendemain,两天后,3
1757,lundi,周一,3
1758,augmenter,增加,3
1759,réputation,名声,3
1760,sien,看,3
1761,balayage,平衡,3
1762,placard,标语牌,3
1763,applaudir,鼓掌,3
1764,hebdomadaire,每周,3
1765,suprême,最高,3
1766,meurtrier,凶手,3
1767,cruel,残忍的,3
1768,quell,荡平,3
1769,méthode,方法,3
1770,stress,压力,3
1771,coincer,卡住,3
1772,agiter,摇,3
1773,jaloux,嫉妒的,3
1774,aveu,忏悔,3
1775,aucunement,决不,3
1776,attacher,附,3
1777,debout,常设,3
1778,ruban,丝带,3
1779,plier,弯曲,3
1780,libre,自由,3
1781,baiser,吻,3
1782,uniforme,制服,3
1783,allumer,点亮,3
1784,fruit,水果,3
1785,employer,雇主,3
1786,poubelle,垃圾桶,3
1787,auquel,到哪个,3
1788,embrasser,亲吻,3
1789,chaise,躺椅,3
1790,couvrir,覆盖,3
1791,aménager,安排,3
1792,lanière,带子,3
1793,pulsation,脉动,3
1794,affoler,恐慌,3
1795,clignoter,闪光,3
1796,écoute,听,3
1797,persister,坚持,3
1798,possibilité,可能性,3
1799,changement,改变,3
1800,épais,厚的,3
1801,harceler,骚扰,3
1802,excitation,励磁,3
1803,drame,戏剧,3
1804,gentiment,亲切地,3
1805,bleu,蓝色,3
1806,peser,权衡,3
1807,acculer,角落,3
1808,étalage,展示,3
1809,nouvelle,新的,3
1810,usage,用法,3
1811,censé,应该,3
1812,foutu,该死,3
1813,apprentissage,学习,3
1814,paquet,盒,3
1815,exceptionnel,异常的,3
1816,entreprise,商业,3
1817,renâcler,雷纳克莱尔,3
1818,queue,队列,3
1819,avenir,未来,3
1820,affirmer,确认,3
1821,guérir,愈合,3
1822,inverse,逆,3
1823,dent,凹痕,3
1824,évoquer,记起,3
1825,bouchée,咬,3
1826,dégoûtant,恶心的,3
1827,culpabilité,有罪,3
1828,annonce,公告,3
1829,maître,大师,3
1830,accrocher,悬挂,3
1831,cadet,学员,3
1832,trésor,宝藏,3
1833,hygiénique,卫生的,3
1834,fièvre,发烧,3
1835,poisson,泊松,3
1836,laisse,独自留下,3
1837,soupçonner,怀疑,3
1838,obscurité,黑暗,3
1839,retenue,拘留,3
1840,au-delà,超过,3
1841,œuf,蛋,3
1842,bacon,熏肉,3
1843,intuition,直觉,3
1844,gérant,经理,3
1845,bentō,便当,3
1846,lame,瘸,3
1847,malheureux,不幸的,3
1848,stupide,愚蠢的,3
1849,commander,指挥官,3
1850,caractère,特点,3
1851,situer,定位,3
1852,u,你,3
1853,Kōji,浩二,3
1854,complexe,复杂的,3
1855,vexer,烦恼,3
1856,classement,排行,3
1857,tien,田,3
1858,assistant,助手,3
1859,ennemi,敌人,3
1860,nationale,国家的,3
1861,chialer,抱怨,3
1862,pari,帕里,3
1863,complet,完全地,3
1864,déchiqueter,撕碎,3
1865,complicité,同谋,3
1866,blairer,喧闹,3
1867,essai,散文,3
1868,bordel,妓院,3
1869,plaquer,处理,3
1870,rigoler,笑,3
1871,sensation,感觉,3
1872,enfoncer,压入,3
1873,objectif,客观的,3
1874,tranquillement,平静地,3
1875,paix,和平,3
1876,masse,马塞,3
1877,meuble,家具,3
1878,tondeuse,割草机,3
1879,crasse,污垢,3
1880,bouteille,瓶子,3
1881,déranger,打扰,3
1882,testament,遗嘱,3
1883,unique,独特的,3
1884,"
	
	
	
",,3
1885,passage,通道,3
1886,éthique,伦理,3
1887,environnement,环境,3
1888,difficulté,困难,3
1889,noce,核桃,3
1890,creuser,挖,3
1891,tendrement,温柔地,3
1892,commerçant,商人,3
1893,influence,影响,3
1894,pile,桩,3
1895,aiguille,针,3
1896,énerver,惹恼,3
1897,intéressant,有趣的,3
1898,chimique,化学,3
1899,désirer,渴望,3
1900,mother,母亲,3
1901,complex,复杂的,3
1902,k.,k.,3
1903,entrave,障碍,3
1904,Yasaka,八坂,3
1905,i,我,2
1906,ministère,部,2
1907,laitier,送牛奶的人,2
1908,millilitre,毫升,2
1909,taille,尺寸,2
1910,osseux,骨瘦如柴,2
1911,pilote,飞行员,2
1912,double,双倍的,2
1913,vérification,确认,2
1914,adolescent,青少年,2
1915,os,操作系统,2
1916,utile,有用,2
1917,contribuer,贡献,2
1918,électronique,电子的,2
1919,quatre-vingt-dix,九十,2
1920,circuler,流通,2
1921,affecter,影响,2
1922,physiquement,身体上的,2
1923,psychologiquement,心理上,2
1924,qualifier,预选赛,2
1925,rébellion,叛乱,2
1926,générique,通用的,2
1927,puberté,青春期,2
1928,influencer,影响者,2
1929,dommage,耻辱,2
1930,accorder,同意,2
1931,faveur,青睐,2
1932,dispense,分配,2
1933,vocation,职业,2
1934,Ogawa,小川,2
1935,drôle,有趣的,2
1936,débuter,开始,2
1937,m,米,2
1938,congé,离开,2
1939,maternité,产妇,2
1940,exercer,锻炼,2
1941,voyou,暴徒,2
1942,voyager,航海家,2
1943,côtoyer,擦肩,2
1944,affronter,面对,2
1945,civil,民事,2
1946,Japon,日本,2
1947,sortie,出击,2
1948,effectuer,履行,2
1949,ronde,回旋曲,2
1950,surnommer,昵称,2
1951,Voyou,暴徒,2
1952,émission,排放,2
1953,abattre,跌倒了,2
1954,passionner,着迷,2
1955,enthousiaste,热情的,2
1956,enchaîner,链,2
1957,volée,被盗,2
1958,poncif,陈词滥调,2
1959,tort,侵权行为,2
1960,nécessiter,要求,2
1961,sermon,讲道,2
1962,jeunesse,青年,2
1963,suspect,怀疑,2
1964,voire,甚至,2
1965,style,风格,2
1966,méfier,谨防,2
1967,profil,轮廓,2
1968,identité,确认,2
1969,abuser,施虐者,2
1970,cheval,骑士,2
1971,écraser,压碎,2
1972,ring,戒指,2
1973,catch,抓住,2
1974,extrême,极端,2
1975,sexe,性别,2
1976,opposer,反对,2
1977,composer,作曲家,2
1978,disposition,性格,2
1979,inversement,反过来,2
1980,Hasegawa,长谷川,2
1981,vingt-quatre,24,2
1982,fiancé,未婚夫,2
1983,bilan,和,2
1984,partenaire,伙伴,2
1985,destin,命运,2
1986,remarque,评论,2
1987,approche,方法,2
1988,domestique,国内的,2
1989,mener,意思是,2
1990,séronégatif,艾滋病毒阴性,2
1991,contrôler,控制,2
1992,négatif,消极的,2
1993,constituer,构成,2
1994,obstacle,障碍,2
1995,naître,出生,2
1996,qualité,质量,2
1997,cantine,地窖,2
1998,discuter,讨论,2
1999,maint,维护,2
2000,reprise,重演,2
2001,senior,高级的,2
2002,hospitaliser,住院,2
2003,répugner,反感,2
2004,dépêcher,匆忙,2
2005,prolonger,延长,2
2006,Naitō,内藤,2
2007,Matsukawa,松川,2
2008,mouchoir,手帕,2
2009,week,星期,2
2010,end,结尾,2
2011,précéder,领先于,2
2012,spécial,特别的,2
2013,convenir,套装,2
2014,rose,玫瑰,2
2015,protester,抗议者,2
2016,exposer,暴露,2
2017,yen,日元,2
2018,caprice,任性,2
2019,calmer,更平静,2
2020,participe,参加,2
2021,accès,使用权,2
2022,cadenas,链条,2
2023,portillon,门,2
2024,réserve,预订,2
2025,séisme,地震,2
2026,flotter,漂浮,2
2027,glacé,冰,2
2028,artificiel,人造的,2
2029,décès,死亡,2
2030,accidentel,偶然,2
2031,gronder,骂,2
2032,parental,父母的,2
2033,futon,蒲团,2
2034,détacher,分离,2
2035,dissiper,打消,2
2036,télévision,电视,2
2037,phénomène,现象,2
2038,autorisation,授权,2
2039,pousse,生长,2
2040,inciter,煽动,2
2041,cousin,表哥,2
2042,âgé,年龄,2
2043,immature,不成熟的,2
2044,tribunal,法庭,2
2045,institut,研究所,2
2046,pureté,纯度,2
2047,14,14,2
2048,k,k,2
2049,signer,签字人,2
2050,opinion,观点,2
2051,pénal,刑事,2
2052,13,13,2
2053,août,八月,2
2054,t.,t。,2
2055,frais,成本,2
2056,symptôme,症状,2
2057,curry,咖喱,2
2058,post,邮政,2
2059,Luna,露娜,2
2060,romain,罗曼,2
2061,équivalent,相等的,2
2062,déficience,不足,2
2063,déesse,女神,2
2064,monstre,怪物,2
2065,réduire,减少,2
2066,couverture,毯子,2
2067,pseudo,伪,2
2068,social,社会的,2
2069,bloguer,博客,2
2070,prouesse,实力,2
2071,kanji,汉子,2
2072,humanité,人性,2
2073,celle-,那-,2
2074,limiter,限制器,2
2075,confondre,来迷惑,2
2076,préserver,保存,2
2077,quasiment,几乎,2
2078,trousseau,嫁妆,2
2079,provenir,源自,2
2080,professionnel,专业的,2
2081,précaution,预防,2
2082,rumeur,谣言,2
2083,favorable,有利,2
2084,journaliste,记者,2
2085,dépression,沮丧,2
2086,renforcer,加强,2
2087,contrôle,控制,2
2088,sein,是,2
2089,armoire,衣橱,2
2090,batte,节拍,2
2091,confisquer,没收,2
2092,définitif,最终的,2
2093,funéraille,葬礼,2
2094,modeste,谦虚的,2
2095,accueillir,欢迎,2
2096,sain,我有,2
2097,trace,痕迹,2
2098,débordant,溢出来,2
2099,tarir,干涸,2
2100,bâton,戳,2
2101,autel,坛,2
2102,joindre,加入,2
2103,prière,祈祷,2
2104,relire,重读,2
2105,tâche,弄脏,2
2106,baguette,法国面包,2
2107,tendresse,压痛,2
2108,entretenir,维持,2
2109,charger,充电器,2
2110,étrangement,奇怪地,2
2111,synthétique,合成的,2
2112,tissu,织物,2
2113,pressentiment,预感,2
2114,arranger,编曲者,2
2115,quelques-uns,一些,2
2116,cloche,钟形钟形,2
2117,préparation,准备,2
2118,soumettre,提交,2
2119,enhardir,恩哈迪尔,2
2120,exploit,开发,2
2121,parcourir,浏览,2
2122,C,C,2
2123,intituler,标题,2
2124,fonte,来源,2
2125,maudire,诅咒,2
2126,indiquer,表明,2
2127,puissant,强大的,2
2128,C.,C。,2
2129,occidental,西方的,2
2130,déclencher,释放,2
2131,ironique,讽刺的,2
2132,dispositif,设备,2
2133,voleur,贼,2
2134,signature,签名,2
2135,porte-,门廊-,2
2136,détaillé,详细的,2
2137,concept,概念,2
2138,sélection,选择,2
2139,régional,区域性的,2
2140,écourter,缩短,2
2141,prototype,原型,2
2142,œuvre,艺术品,2
2143,farce,闹剧,2
2144,extasier,狂喜,2
2145,écrivain,作家,2
2146,essentiel,基本的,2
2147,épingler,别针,2
2148,dangerosité,危险性,2
2149,empreindre,印记,2
2150,habileté,技能,2
2151,télévisé,电视转播的,2
2152,alarme,警报,2
2153,candidat,候选人,2
2154,degré,程度,2
2155,technique,技术,2
2156,déception,失望,2
2157,interviewer,面试官,2
2158,presse,新闻,2
2159,siècle,世纪,2
2160,enfler,胀,2
2161,compagnie,公司,2
2162,aimant,磁铁,2
2163,rendez-vous,预约,2
2164,déplacer,移动,2
2165,raquette,球拍,2
2166,défense,防御,2
2167,Cassy,卡西,2
2168,fragile,脆弱的,2
2169,terrain,地形,2
2170,progrès,进步,2
2171,sèchement,简短地,2
2172,F,F,2
2173,sportif,运动型的,2
2174,installer,安装人员,2
2175,col,坳,2
2176,bulletin,公告,2
2177,portefeuille,钱包,2
2178,étrenne,赐予,2
2179,trompe,特龙佩,2
2180,colle,科尔,2
2181,nettoyage,打扫,2
2182,marge,玛吉,2
2183,procurer,采购,2
2184,impressionner,留下深刻印象,2
2185,assurément,当然,2
2186,costaud,强的,2
2187,prétexter,借口,2
2188,piège,陷阱,2
2189,pénétrer,进入,2
2190,déclic,点击,2
2191,amplement,充分地,2
2192,confession,忏悔,2
2193,parader,游行,2
2194,citoyen,公民,2
2195,infliger,造成,2
2196,digne,值得,2
2197,borne,伯恩,2
2198,insuffisance,不足,2
2199,prison,监狱,2
2200,préméditation,预谋,2
2201,pensée,想法,2
2202,pleinement,完全,2
2203,dignement,有尊严地,2
2204,japonais,日本人,2
2205,sensibilité,灵敏度,2
2206,couleur,颜色,2
2207,insu,无知,2
2208,détourner,转移,2
2209,encouragement,鼓励,2
2210,verdict,判决,2
2211,interclasse,阶级间,2
2212,lauréat,获奖者,2
2213,chronique,慢性的,2
2214,mince,剁碎,2
2215,stagner,凝滞,2
2216,mou,牟,2
2217,régner,统治,2
2218,indifférent,冷漠,2
2219,dégoûter,厌恶,2
2220,lourdingue,重的,2
2221,teru,继续,2
2222,rayer,三振出局,2
2223,bloquer,阻止,2
2224,laïus,熨平板,2
2225,jaune,黄,2
2226,ONE,一,2
2227,FOR,为了,2
2228,ALL,全部,2
2229,individuellement,单独地,2
2230,concentration,专注,2
2231,progression,进展,2
2232,religion,宗教,2
2233,brebis,布雷比斯,2
2234,montagne,蒙塔涅,2
2235,quatre-vingt-dix-neuf,九十九,2
2236,discussion,讨论,2
2237,sécher,一定,2
2238,disperser,分散,2
2239,enregistrer,节省,2
2240,expéditeur,发件人,2
2241,ambiance,气氛,2
2242,Hé,嘿,2
2243,redevenir,再次成为,2
2244,hot,热的,2
2245,cake,蛋糕,2
2246,calligraphie,书法,2
2247,carte,点菜,2
2248,plafond,天花板,2
2249,cheviller,谢维莱尔,2
2250,gant,甘特,2
2251,gré,愿意的,2
2252,médisance,诽谤,2
2253,échelon,步,2
2254,rapidement,迅速地,2
2255,protestation,反对,2
2256,vider,空的,2
2257,trait,特征,2
2258,balai,大厅,2
2259,pantalon,裤子,2
2260,dégoûté,厌恶,2
2261,don,大学教师,2
2262,évaluer,评估,2
2263,comité,委员会,2
2264,applaudissement,掌声,2
2265,remerciement,谢谢,2
2266,one,一,2
2267,égalité,平等,2
2268,tournoi,比赛,2
2269,frustrer,阻挠,2
2270,frustration,挫折,2
2271,interstice,差距,2
2272,méticuleusement,精心,2
2273,décisif,决定性,2
2274,contrer,反击,2
2275,cartonner,纸板,2
2276,encaisser,现金,2
2277,pourrir,腐烂,2
2278,sagesse,智慧,2
2279,amitié,友谊,2
2280,illuminer,照亮,2
2281,piger,女孩们,2
2282,vicieux,恶毒,2
2283,avocat,律师,2
2284,aligner,对准器,2
2285,pierre,皮埃尔,2
2286,légèrement,轻微地,2
2287,foncer,变暗,2
2288,troupeau,一群,2
2289,salaud,混蛋,2
2290,espèce,物种,2
2291,chasse,打猎,2
2292,sorcière,巫婆,2
2293,ASSASSIN,刺客,2
2294,noter,要注意,2
2295,timide,害羞的,2
2296,imprimer,打印,2
2297,tournure,捻,2
2298,apprêter,准备,2
2299,direct,直接的,2
2300,plonger,潜水,2
2301,éteindre,关,2
2302,basique,基本的,2
2303,cauchemar,恶梦,2
2304,cafarder,潜行,2
2305,cheville,踝,2
2306,adhésif,粘合剂,2
2307,emballage,包装,2
2308,guetter,观看,2
2309,hésitation,犹豫,2
2310,signal,信号,2
2311,boucle,环形,2
2312,dégouliner,滴,2
2313,redoubler,加倍,2
2314,Jeanne,珍妮,2
2315,Arc,弧,2
2316,tremblant,发抖,2
2317,jean,吉恩,2
2318,soulagement,宽慰,2
2319,animé,动画,2
2320,rouler,滚动,2
2321,ténèbre,黑暗,2
2322,entrepôt,仓库,2
2323,encombrer,阻碍,2
2324,pamplemousse,柚子,2
2325,compréhensible,可以理解的,2
2326,inconsciemment,不知不觉,2
2327,chagrin,懊恼,2
2328,cinquante,五十,2
2329,gorgée,啜,2
2330,métal,金属,2
2331,siffler,哨,2
2332,graffiti,涂鸦,2
2333,feutre,毛毡,2
2334,alentours,周围环境,2
2335,tarte,塔特,2
2336,goutte,降低,2
2337,lâcheté,怯懦,2
2338,pencher,倾斜,2
2339,jouir,享受,2
2340,détecteur,探测器,2
2341,retentir,回响,2
2342,ben,本,2
2343,élection,选举,2
2344,sourd,聋,2
2345,clin,临床,2
2346,injuste,不公平,2
2347,entrouvrir,半开,2
2348,climatisation,冷气机,2
2349,chaleur,热,2
2350,manche,一些,2
2351,ouverture,开幕,2
2352,dégueulasse,恶心的,2
2353,reproche,责备,2
2354,excitant,令人兴奋的,2
2355,abasourdir,击晕,2
2356,invisible,无形的,2
2357,show,展示,2
2358,jupe,裙子,2
2359,boule,滚球,2
2360,association,协会,2
2361,consigne,命令,2
2362,porte-bonheur,幸运符,2
2363,allier,盟友,2
2364,importun,不受欢迎,2
2365,abri,庇护所,2
2366,refuge,避难所,2
2367,surface,表面,2
2368,bol,他是,2
2369,bêtement,愚蠢地,2
2370,fac,面,2
2371,courber,弯曲,2
2372,vulgaire,庸俗,2
2373,info,信息,2
2374,confectionner,制作,2
2375,puce,芯片,2
2376,origine,起源,2
2377,cerveau,脑,2
2378,impliquer,涉及,2
2379,punition,惩罚,2
2380,brillant,明亮的,2
2381,affreux,可怕,2
2382,attaquer,处理,2
2383,honteux,羞愧,2
2384,cirque,马戏团,2
2385,dieu,迪厄,2
2386,effrayant,可怕的,2
2387,concevoir,设计,2
2388,dissimulation,隐瞒,2
2389,compensation,赔偿,2
2390,moral,道德,2
2391,formellement,正式地,2
2392,lessive,洗衣店,2
2393,microbe,微生物,2
2394,pleuvoir,雨,2
2395,confortablement,舒适地,2
2396,inouï,闻所未闻,2
2397,délicat,精美的,2
2398,vénérer,崇敬,2
2399,cracher,吐,2
2400,promesse,承诺,2
2401,chou,丑,2
2402,crème,奶油,2
2403,prévenance,体贴,2
2404,adorable,可爱的,2
2405,bavarder,聊天,2
2406,déployer,部署,2
2407,couver,孵化,2
2408,maternel,母亲的,2
2409,précieux,宝贵的,2
2410,magnifique,华丽的,2
2411,arrière,后退,2
2412,Kiyoko,清子,2
2413,justifier,证明合法,2
2414,assurance,保证,2
2415,position,位置,2
2416,racine,拉辛,2
2417,fatigué,疲劳,2
2418,prise,奖,2
2419,piqûre,刺,2
2420,dystonie,肌张力障碍,2
2421,neurovégétatif,植物神经的,2
2422,fast,快速地,2
2423,food,食物,2
2424,restaurant,餐厅,2
2425,salir,出去,2
2426,obsession,痴迷,2
2427,hygiène,卫生,2
2428,nôtre,我们的,2
2429,siège,座位,2
2430,pie,馅饼,2
2431,dictionnaire,字典,2
2432,croquette,炸丸子,2
2433,viande,肉,2
2434,évolution,进化,2
2435,tranquilliser,镇静,2
2436,plateau,高原,2
2437,armure,盔甲,2
2438,libérer,发布,2
2439,paire,一对,2
2440,fissure,裂缝,2
2441,gratter,划痕,2
2442,rugissement,吼,2
2443,fauve,野猫,2
2444,horreur,恐怖,2
2445,nylon,尼龙,2
2446,crâne,颅骨,2
2447,repérer,点,2
2448,dizaine,十,2
2449,bander,帮派,2
2450,vendre,卖,2
2451,rasoir,剃须刀,2
2452,dessous,下,2
2453,sanguin,血,2
2454,capricieux,任性,2
2455,éclairer,照亮,2
2456,intensément,强烈地,2
2457,feindre,假装,2
2458,piquer,刺,2
2459,otaku,御宅族,2
2460,humanitaire,人道主义的,2
2461,remarquable,杰出的,2
2462,compliment,赞扬,2
2463,doué,天才,2
2464,ver,版本,2
2465,critique,批判,2
2466,infériorité,自卑,2
2467,prétentieux,自命不凡的,2
2468,comparer,比较,2
2469,maximum,最大限度,2
2470,olé,奥莱,2
2471,mitrailleuse,机枪,2
2472,trouille,放克,2
2473,tiroir,抽屉,2
2474,Hum,哼,2
2475,tripoter,小提琴,2
2476,annuler,取消,2
2477,bordure,边框,2
2478,espace,空间,2
2479,stratégique,战略,2
2480,frite,炒,2
2481,toper,礼帽,2
2482,sceller,海豹,2
2483,introduire,介绍,2
2484,nuage,云,2
2485,séparer,分开,2
2486,museau,枪口,2
2487,start,开始,2
2488,poussière,灰尘,2
2489,fêter,庆祝,2
2490,miette,屑,2
2491,Saint-,圣-,2
2492,Valentin,瓦伦丁,2
2493,portrait,肖像,2
2494,ouvre-ler,打开它,2
2495,zut,祖特,2
2496,balancer,平衡器,2
2497,mépris,鄙视,2
2498,foirer,搞乱,2
2499,accidentellement,偶然,2
2500,agitation,搅动,2
2501,toit,托伊特,2
2502,transformer,变压器,2
2503,"		
",,2
2504,survivre,存活,2
2505,froidement,冷冷地,2
2506,tas,那,2
2507,raccrocher,挂断,2
2508,calmement,平静地,2
2509,habituellement,通常,2
2510,honnêtement,诚实地,2
2511,immobile,不动的,2
2512,ravaler,吞,2
2513,vision,想象,2
2514,obsèque,葬礼,2
2515,zyeuter,齐耶特,2
2516,ciel,夏尔,2
2517,vaste,固定的,2
2518,-en,-在,2
2519,fugue,赋格曲,2
2520,connerie,废话,2
2521,panneau,符号,2
2522,visuel,视觉的,2
2523,pourvoir,提供,2
2524,miroir,镜子,2
2525,crasseux,污秽,2
2526,paradis,天堂,2
2527,arracher,撕掉,2
2528,décoller,脱掉,2
2529,bactériologique,细菌学的,2
2530,arrêt,停止,2
2531,transpiration,蒸腾作用,2
2532,mépriser,讨厌,2
2533,couette,棉被,2
2534,rage,愤怒,2
2535,frêle,脆弱,2
2536,illusion,错觉,2
2537,micro,微,2
2538,disserter,论述,2
2539,citer,去引用,2
2540,Dostoïevski,陀思妥耶夫斯基,2
2541,qu,那,2
2542,saute,炒,2
2543,compris,明白了,2
2544,conte,故事,2
2545,inculquer,谆谆教诲,2
2546,théorème,定理,2
2547,sévère,严重,2
2548,autrui,其他的,2
2549,creux,空洞的,2
2550,doctorat,博士生,2
2551,tragédie,悲剧,2
2552,bus,公共汽车,2
2553,boîtier,住房,2
2554,cesse,停止,2
2555,thèse,论文,2
2556,9,9,2
2557,planter,播种机,2
2558,traitement,治疗,2
2559,aussitôt,马上,2
2560,divorce,离婚,2
2561,épouser,结婚,2
2562,client,客户,2
2563,identique,完全相同的,2
2564,nullement,绝不,2
2565,solitaire,纸牌,2
2566,clientèle,客户群,2
2567,poster,海报,2
2568,lien,留置权,2
2569,perfection,完美,2
2570,commenter,评论者,2
2571,appliquer,申请,2
2572,pause,暂停,2
2573,vol,卷,2
2574,écart,差距,2
2575,outil,工具,2
2576,assister,协助,2
2577,imprégner,浸透，渗透,2
2578,exécution,执行,2
2579,insulter,侮辱,2
2580,manifestement,明显地,2
2581,composant,成分,2
2582,suspicieux,可疑的,2
2583,lamentablement,很遗憾,2
2584,calculer,计算,2
2585,pleurnicher,抱怨,2
2586,retrouvaille,团圆,2
2587,découverte,发现,2
2588,crétin,克雷坦,2
2589,teinture,染色,2
2590,artifice,技巧,2
2591,cata,卡塔,2
2592,conne,愚蠢的,2
2593,lune,月形,2
2594,délire,谵妄,2
2595,fortement,强烈地,2
2596,homicide,杀人,2
2597,frigo,冰箱,2
2598,final,最终的,2
2599,évidence,证据,2
2600,éloigné,遥远,2
2601,Jun,君,2
2602,bâtiment,建筑,2
2603,lacté,乳白色,2
2604,séminaire,研讨会,2
2605,ha,哈,2
2606,Quatre,四,2
2607,étrangler,扼杀,2
2608,seringue,注射器,2
2609,vôtre,你的,2
2610,atroce,残暴的,2
2611,théorie,理论,2
2612,détruire,破坏,2
2613,SACERDOCE,祭司职分,1
2614,grognement,咆哮,1
2615,pilot,飞行员,1
2616,quotidiennement,日常的,1
2617,ose,或者,1
2618,global,全球的,1
2619,dérangement,骚乱,1
2620,intestinal,肠,1
2621,désignation,指定,1
2622,aléatoire,随机的,1
2623,numéroter,数字,1
2624,rat,鼠,1
2625,a-,A-,1
2626,nerveux,紧张的,1
2627,aimable,种类,1
2628,neutraliser,中和,1
2629,pornographique,色情,1
2630,Gakken,学研,1
2631,trafic,交通,1
2632,intense,激烈的,1
2633,pertinent,相关的,1
2634,vocable,学期,1
2635,indépendance,独立,1
2636,gratos,感激的,1
2637,rarement,很少,1
2638,cher,谢尔,1
2639,carrière,职业,1
2640,romantique,浪漫的,1
2641,postuler,申请,1
2642,natal,纳塔尔,1
2643,su,是,1
2644,cycle,循环,1
2645,universitaire,大学,1
2646,restituer,恢复,1
2647,douteux,疑,1
2648,préjudice,偏见,1
2649,cadre,干部,1
2650,méritoire,有功绩的,1
2651,Tanaka,田中,1
2652,ricanement,冷笑,1
2653,stage,阶段,1
2654,sept,九月,1
2655,Maekawa,前川,1
2656,expédient,权宜,1
2657,illégal,非法的,1
2658,misère,苦难,1
2659,diplôme,文凭,1
2660,virage,转动,1
2661,frôler,刷子,1
2662,rôder,徘徊,1
2663,Monde,世界报,1
2664,Abe,安倍,1
2665,auxquelles,到哪个,1
2666,bonnement,简单地,1
2667,autosatisfaction,自我满足,1
2668,condescendance,居高临下,1
2669,transcendant,超越的,1
2670,maltraiter,虐待,1
2671,épingle,别针,1
2672,martyr,烈士,1
2673,roi,投资回报率,1
2674,resservir,补充装,1
2675,centrer,中心,1
2676,mutuel,相互的,1
2677,courageux,勇敢的,1
2678,Terre,特雷,1
2679,entraider,互相帮助,1
2680,patati,土豆,1
2681,patata,土豆,1
2682,politiquement,政治上,1
2683,projecteur,投影仪,1
2684,extraverti,外向的,1
2685,messagerie,消息传递,1
2686,indu,印度,1
2687,proportion,部分,1
2688,M’,米’,1
2689,précipiter,沉淀,1
2690,cliché,陈词滥调,1
2691,plainte,抱怨,1
2692,flairer,闻,1
2693,embrouille,混淆,1
2694,obligation,义务,1
2695,masculin,男性,1
2696,faciliter,促进,1
2697,évaluation,评估,1
2698,isolé,孤立,1
2699,impasse,僵局,1
2700,submerger,压倒,1
2701,destinataire,接受者,1
2702,rassurant,令人安心的,1
2703,suspendre,暂停,1
2704,Isaka,艾萨克,1
2705,couple,夫妻,1
2706,infecté(e,已感染,1
2707,immunodéficience,免疫缺陷,1
2708,dithyrambique,酒神的,1
2709,ému(e,情绪 (e,1
2710,rémunération,报酬,1
2711,simpliste,简单化的,1
2712,résumé,恢复,1
2713,touchant,接触,1
2714,réflexe,反射,1
2715,répulsion,排斥力,1
2716,Hamazaki,滨崎,1
2717,mètre,仪表,1
2718,toux,咳嗽,1
2719,éternuement,喷嚏,1
2720,moustique,蚊子,1
2721,désoler,对不起,1
2722,contracter,合同,1
2723,ciller,眨,1
2724,dévaster,蹂躏,1
2725,immense,巨大,1
2726,redemander,再问一遍,1
2727,avorter,中止,1
2728,avortement,流产,1
2729,hémophile,血友病患者,1
2730,catégoriquement,断然地,1
2731,carrément,彻头彻尾,1
2732,buter,邻接,1
2733,perpétuellement,永远地,1
2734,pestiféré,困扰,1
2735,alien,外星人,1
2736,persécuter,迫害,1
2737,discrimination,歧视,1
2738,porteuse,载体,1
2739,jurer,发誓,1
2740,quelques-,一些-,1
2741,sagement,明智地,1
2742,mini-serviette,迷你毛巾,1
2743,éponge,海绵,1
2744,socquette,索凯特,1
2745,peigne,梳子,1
2746,cro,克罗,1
2747,comptoir,柜台,1
2748,chocopine,巧克力碱,1
2749,moue,袖子,1
2750,habit,习惯,1
2751,fléchir,柔性,1
2752,inflexible,不灵活的,1
2753,gâter,破坏,1
2754,700,700,1
2755,séance,降神会,1
2756,relayer,中继,1
2757,inquiet,担心,1
2758,17,17 号,1
2759,enjamber,爬过,1
2760,palissade,栅栏,1
2761,détendu,轻松,1
2762,bassin,盆地,1
2763,pompier,消防队员,1
2764,incendie,火,1
2765,frictionner,擦,1
2766,inspecter,检查,1
2767,truffe,诈骗,1
2768,témoigner,见证，证明,1
2769,hospitalisation,住院治疗,1
2770,coquin,淘气,1
2771,surveillance,监视,1
2772,paisible,平静的,1
2773,expier,赎罪,1
2774,Nishio,西尾,1
2775,accéder,访问,1
2776,saouler,醉,1
2777,rite,仪式,1
2778,enivrer,醉人,1
2779,absorber,吸收器,1
2780,saoûl,萨乌尔,1
2781,responsabiliser,承担责任,1
2782,proclamer,宣布,1
2783,fichu,该死,1
2784,mansuétude,宽大,1
2785,voter,选民,1
2786,redressement,回转,1
2787,mythe,神话,1
2788,jurisprudence,法理,1
2789,opérer,操作,1
2790,renversement,逆转,1
2791,90,90,1
2792,15,15,1
2793,réforme,改革,1
2794,2001,2001年,1
2795,incarcération,监禁,1
2796,décrire,描述,1
2797,Sone,曾根,1
2798,divinité,神,1
2799,grec,希腊语,1
2800,Séléné,塞勒涅,1
2801,dédoublement,分裂,1
2802,vertu,韦尔图,1
2803,extrapoler,推断,1
2804,bienfait,做得好,1
2805,médiatique,媒体,1
2806,psychologie,心理学,1
2807,pudiquement,谦虚地,1
2808,voile,面纱,1
2809,semer,母猪,1
2810,germe,拉伸,1
2811,fascination,魅力,1
2812,hors-la-loi,取缔,1
2813,diffuser,扩散器,1
2814,réseau,网络,1
2815,flouter,模糊,1
2816,p’,p’,1
2817,tit,山雀,1
2818,con,骗局,1
2819,bouse,布斯,1
2820,poétique,诗意的,1
2821,judicieux,明智的,1
2822,ironiquement,讽刺地,1
2823,truie,球衣,1
2824,intello,书呆子,1
2825,rêveur,梦想家,1
2826,peindre,作画,1
2827,moustache,胡子,1
2828,ride,骑,1
2829,caricature,漫画,1
2830,laid,铺设,1
2831,personnifier,拟人化,1
2832,hideux,可怕,1
2833,pincette,镊子,1
2834,représenter,代表,1
2835,ivre,醉,1
2836,renommée,名声,1
2837,gloire,荣耀,1
2838,demoiselle,女士,1
2839,réintégrer,重新融入,1
2840,sévèrement,严重,1
2841,T.,T。,1
2842,enquête,调查,1
2843,expérimentation,实验,1
2844,déménager,搬迁,1
2845,scolariser,学校,1
2846,circulaire,圆,1
2847,émaner,发出,1
2848,enjoindre,责成,1
2849,stocker,储料器,1
2850,conserver,保持,1
2851,corde,绳索,1
2852,référer,参考,1
2853,intimité,隐私,1
2854,balançoire,摇摆,1
2855,quatorze,十四,1
2856,cendre,灰,1
2857,maîtresse,情妇,1
2858,brûler,烧伤,1
2859,encens,香,1
2860,paisiblement,平静地,1
2861,culpabiliser,责备,1
2862,décharger,卸下,1
2863,rechange,空闲的,1
2864,cuillère,勺子,1
2865,jouet,玩具,1
2866,bonbon,饼干,1
2867,niche,利基,1
2868,abîmer,损害,1
2869,prodiguer,奢侈的,1
2870,filet,菲力牛排,1
2871,aboutir,达到,1
2872,soupeser,称重,1
2873,doublure,衬垫,1
2874,transparence,透明度,1
2875,bobinage,绕线,1
2876,maîtriser,掌握,1
2877,bruyant,嘈杂,1
2878,y.,y。,1
2879,biologie,生物学,1
2880,intriguer,阴谋,1
2881,errant,错误的,1
2882,timidement,胆怯地,1
2883,filmer,电影,1
2884,éperdre,支线,1
2885,gothique,哥特,1
2886,instituteur,老师,1
2887,modeler,模型师,1
2888,mi-juin,六月中旬,1
2889,ustensile,工具,1
2890,cuir,添加,1
2891,méfiant,不信任的,1
2892,grenouille,青蛙,1
2893,araignée,蜘蛛,1
2894,pluie,雨,1
2895,condensateur,电容器,1
2896,légère,光,1
2897,statique,静止的,1
2898,acquit,开释,1
2899,baratin,演讲,1
2900,critiquer,批评,1
2901,accueil,欢迎,1
2902,formulaire,形式,1
2903,affichage,展示,1
2904,inscription,题词,1
2905,30,30,1
2906,lieue,联盟,1
2907,superviser,监督,1
2908,propriétaire,所有者,1
2909,châtaigne,板栗,1
2910,description,描述,1
2911,technologie,技术,1
2912,ingénieur,工程师,1
2913,adorablement,可爱,1
2914,crainte,害怕,1
2915,supervision,监督,1
2916,gouverneur,州长,1
2917,questionner,质疑,1
2918,fleur,芙蓉,1
2919,convocation,召集,1
2920,taser,泰瑟枪,1
2921,béotien,维奥蒂安,1
2922,sous-jacent,潜在的,1
2923,conforter,舒适,1
2924,alarmer,警报,1
2925,science-,科学-,1
2926,juge,法官,1
2927,domaine,域名,1
2928,calcul,加尔各答,1
2929,célébrité,名人,1
2930,désagrément,不便,1
2931,chevalier,骑士,1
2932,habilement,熟练地,1
2933,naïveté,天真的,1
2934,ser,成为,1
2935,vice,副,1
2936,encenser,香,1
2937,remise,折扣,1
2938,capitale,首都,1
2939,tordre,捻,1
2940,anti-criminalité,反犯罪,1
2941,robot,机器人,1
2942,septembre,九月,1
2943,empoisonner,毒,1
2944,ampleur,震级,1
2945,silencieux,沉默的,1
2946,uni,大学,1
2947,étonnement,惊讶,1
2948,inopiné,意外,1
2949,favorablement,有利,1
2950,déroulement,展开,1
2951,convenable,合适的,1
2952,susceptible,易受影响的,1
2953,autoriser,允许,1
2954,débutant,初学者,1
2955,assouplissement,松弛,1
2956,housse,覆盖,1
2957,diviser,划分,1
2958,spécifique,具体的,1
2959,attaque,攻击,1
2960,lasser,厌倦,1
2961,malingre,病态的,1
2962,kyasha,克亚莎,1
2963,amer,阿米尔,1
2964,option,选项,1
2965,relancer,重新启动,1
2966,quinze,十五,1
2967,continu,继续,1
2968,avant-,前卫-,1
2969,novembre,十一月,1
2970,f,F,1
2971,d.,d.,1
2972,caractéristique,特征,1
2973,artistique,艺术的,1
2974,foudroyant,闪电,1
2975,exagération,夸张,1
2976,champion,冠军,1
2977,passe,过去,1
2978,stagnation,停滞,1
2979,collier,科利尔,1
2980,pente,画,1
2981,palier,降落,1
2982,trimestriel,季刊,1
2983,peloton,主车群,1
2984,carabiner,登山扣,1
2985,postillonner,波斯蒂隆纳,1
2986,encercler,圆圈,1
2987,soumission,提交,1
2988,23,23,1
2989,bretelle,背带,1
2990,bonhomme,同胞,1
2991,vigueur,活力,1
2992,irascible,暴躁,1
2993,finement,精细地,1
2994,incalculable,不可估量,1
2995,mésaventure,不幸的冒险,1
2996,tripler,三倍,1
2997,voltage,电压,1
2998,impatience,不耐烦,1
2999,candidature,候选人资格,1
3000,générer,产生,1
3001,escompter,折扣,1
3002,approuver,批准,1
3003,complémentaire,补充,1
3004,enceinte,孕,1
3005,dissimuler,隐藏,1
3006,ouvre-le,打开它,1
3007,crépuscule,黄昏,1
3008,savourer,享受,1
3009,est-elle,她是吗,1
3010,haie,树篱,1
3011,basculer,摔倒,1
3012,occurrence,发生,1
3013,extatique,欣喜若狂,1
3014,tirade,长篇大论,1
3015,dévoué,奉献的,1
3016,dédommagement,赔偿,1
3017,reconstituer,重建,1
3018,mesurer,措施,1
3019,cordon,警戒线,1
3020,alimentation,食物,1
3021,dénudé,裸,1
3022,interpeller,质疑,1
3023,gâcher,破坏,1
3024,acquitter,开释,1
3025,inculpation,收费,1
3026,sursis,苏西斯,1
3027,jadis,以前,1
3028,subtil,微妙的,1
3029,saveur,味道,1
3030,élémentaire,初级,1
3031,handicap,障碍,1
3032,carence,不足,1
3033,zinc,锌,1
3034,fer,费,1
3035,conditionner,条件,1
3036,liquide,液体,1
3037,Sakura,樱花,1
3038,nomiya,宫,1
3039,souhait,希望,1
3040,prudent,谨慎,1
3041,discret,慎重,1
3042,fructueux,成功的,1
3043,mi-mars,米马尔斯,1
3044,II,二,1
3045,martyre,殉难,1
3046,actuel,当前的,1
3047,volatiliser,挥发剂,1
3048,irresponsable,不负责任的,1
3049,assumer,假设,1
3050,mûr,墙,1
3051,irréaliste,不切实际,1
3052,ceci,切西,1
3053,aura,光环,1
3054,fondre,熔化,1
3055,opaque,不透明,1
3056,provocation,挑衅,1
3057,agréable,令人愉快的,1
3058,théâtral,戏剧,1
3059,allusion,典故,1
3060,well,出色地,1
3061,Well,出色地,1
3062,disant,说,1
3063,titulaire,持有者,1
3064,préjugé,偏见,1
3065,abstenir,弃权,1
3066,confronter,面对,1
3067,spontanéité,自发性,1
3068,franchise,特许经营权,1
3069,reluire,闪耀,1
3070,idéalisme,唯心主义,1
3071,craie,粉笔,1
3072,pont,桥,1
3073,rela,关系,1
3074,tivement,主动地,1
3075,répugnance,反感,1
3076,stagnant,停滞的,1
3077,permanent,永恒的,1
3078,suffocant,窒息,1
3079,reportage,报告文学,1
3080,matinal,早晨,1
3081,favoriser,赞成,1
3082,mini-bibliothèque,迷你图书馆,1
3083,usager,用户,1
3084,patte,爪子,1
3085,canard,鸭式,1
3086,Shiho,志保,1
3087,bienveillant,关怀,1
3088,recul,撤退,1
3089,étagère,架子,1
3090,bibliothèque,图书馆,1
3091,bible,圣经,1
3092,Matthieu,马蒂厄,1
3093,chapitre,章节,1
3094,balance,平衡,1
3095,catastrophe,灾难,1
3096,suggestion,建议,1
3097,Kenta,健太,1
3098,rebondir,弹跳,1
3099,découragement,灰心丧气,1
3100,piéger,陷阱,1
3101,recopier,复制,1
3102,barrière,障碍,1
3103,éplucher,剥,1
3104,oignon,洋葱,1
3105,Othello,奥赛罗,1
3106,lamenter,哀叹,1
3107,aplomb,沉着,1
3108,concentrer,重点,1
3109,incompétence,无能,1
3110,acquiescement,默认,1
3111,réapparaître,再现,1
3112,vu,视觉,1
3113,promotion,晋升,1
3114,égide,宙斯盾,1
3115,traite,条约,1
3116,généraliser,概括,1
3117,câble,电缆,1
3118,lugubre,惨淡,1
3119,bas-fond,低背景,1
3120,ration,配给,1
3121,manifeste,显现,1
3122,Yumi,由美,1
3123,gêné,尴尬的,1
3124,réconfort,舒适,1
3125,éclaboussure,溅,1
3126,apostropher,撇号,1
3127,indirectement,间接地,1
3128,ç’,C',1
3129,maillot,球衣,1
3130,remporter,赢,1
3131,compétition,竞赛,1
3132,boulot,工作,1
3133,organisation,组织,1
3134,star,星星,1
3135,chaleureusement,热烈地,1
3136,bénéficier,益处,1
3137,rechigner,犹豫,1
3138,chansonnette,小曲,1
3139,only,仅有的,1
3140,number,数字,1
3141,fredonner,哼,1
3142,fournir,提供,1
3143,finale,结局,1
3144,issue,问题,1
3145,bassine,盆地,1
3146,coéquipier,队友,1
3147,remplaçant,代替,1
3148,match,匹配,1
3149,éloge,称赞,1
3150,évacuer,清除,1
3151,abreuver,水,1
3152,sensiblement,明显地,1
3153,raccourcir,缩短,1
3154,entrebâiller,恩特雷巴伊勒,1
3155,mécontentement,不满意,1
3156,spontané,自发的,1
3157,ressaisir,通力合作,1
3158,avait-,有-,1
3159,ren,任,1
3160,poisseux,黏,1
3161,déferler,涌,1
3162,infiltrer,浸润,1
3163,ricaner,冷笑,1
3164,tiers,等级,1
3165,h.,H。,1
3166,justification,理由,1
3167,superflu,多余,1
3168,indigne,不值得的,1
3169,serein,安详,1
3170,idéau,主意,1
3171,élevé,瞳孔,1
3172,rein,缰绳,1
3173,évoluer,发展,1
3174,baissé,降低,1
3175,arbitraire,随意的,1
3176,indigner,暴行,1
3177,blâme,责备,1
3178,dénonciation,谴责,1
3179,Europe,欧洲,1
3180,dater,日期,1
3181,dégoulinant,滴水,1
3182,ramasser,捡起,1
3183,minorité,少数民族,1
3184,châ,查,1
3185,timent,他们很害怕,1
3186,céleste,天上的,1
3187,sanction,制裁,1
3188,aver,断言,1
3189,samedi,周六,1
3190,Yukari,由香里,1
3191,art,艺术,1
3192,Sōki,索基,1
3193,0,0,1
3194,survoler,徘徊,1
3195,renouveler,更新,1
3196,chausson,拖鞋,1
3197,extrêmement,极其,1
3198,exaction,勒索,1
3199,indirect,间接,1
3200,vitesse,维塞斯,1
3201,communication,沟通,1
3202,esclave,奴隶,1
3203,marrer,笑,1
3204,saucissonner,香肠,1
3205,sort,种类,1
3206,défier,挑战,1
3207,transe,发呆,1
3208,malsain,不良,1
3209,jouissif,令人愉快的,1
3210,saint,圣,1
3211,foule,人群,1
3212,traître,叛徒,1
3213,imprécation,诅咒,1
3214,enserrer,括,1
3215,décréter,法令,1
3216,immobiliser,固定住,1
3217,ceinturer,腰带,1
3218,centimètre,厘米,1
3219,débattre,讨论,1
3220,scoop,舀,1
3221,missile,导弹,1
3222,garer,公园,1
3223,parking,停車處,1
3224,déplier,展开,1
3225,brandir,挥舞,1
3226,réverbère,路灯,1
3227,reculer,向后移动,1
3228,prélèvement,征收,1
3229,replier,折叠,1
3230,replacer,替代者,1
3231,panier,篮子,1
3232,quinzaine,两星期,1
3233,agglomération,集聚,1
3234,inhabité,无人,1
3235,entasser,补习班,1
3236,moite,除了,1
3237,sauna,桑拿,1
3238,vertébral,脊椎,1
3239,rangement,贮存,1
3240,raisonnable,合理的,1
3241,envelopper,裹,1
3242,plastique,塑料,1
3243,pointage,分数,1
3244,incinérer,焚化,1
3245,avantage,优势,1
3246,luminol,鲁米诺,1
3247,amie,阿米,1
3248,ombre,奥布尔,1
3249,pommette,颧骨,1
3250,œdème,浮肿,1
3251,brûlant,燃烧,1
3252,anneau,戒指,1
3253,entamer,开始,1
3254,dévisager,盯,1
3255,parapluie,伞,1
3256,indélébile,不可磨灭,1
3257,Coucou,布谷鸟,1
3258,prévision,预报,1
3259,sifflet,哨,1
3260,impassible,冷漠的,1
3261,moqueur,嘲笑者,1
3262,hurlement,嗥,1
3263,tacler,解决,1
3264,ensanglanter,恩桑格兰特,1
3265,héroïne,海洛因,1
3266,maîtrise,精通,1
3267,manipuler,操纵,1
3268,connasse,母狗,1
3269,afficher,展示,1
3270,justicier,义务警员,1
3271,bafouer,蔑视,1
3272,hypocrite,伪君子,1
3273,rentraire,返回,1
3274,redire,重复,1
3275,mi-juillet,七月中旬,1
3276,senseur,传感器,1
3277,capter,捕获,1
3278,rythme,步伐,1
3279,Pii,皮伊,1
3280,exagérer,夸大,1
3281,gain,获得,1
3282,redéclencher,重新触发,1
3283,désormais,今后,1
3284,écrasant,压碎,1
3285,orientation,方向,1
3286,dépôt,订金,1
3287,fierté,自豪,1
3288,avant-dernier,在最后之前,1
3289,tremper,浸泡,1
3290,sueur,汗,1
3291,écrit,埃克里特,1
3292,saluer,迎接,1
3293,alentour,周围环境,1
3294,spectateur,观众,1
3295,conduire,驾车,1
3296,émérite,技能的,1
3297,enquêter,调查,1
3298,précis,准确的,1
3299,tragique,悲惨,1
3300,incident,事件,1
3301,planer,刨床,1
3302,inévitable,不可避免的,1
3303,magie,魔法,1
3304,soupçonneux,可疑的,1
3305,trompette,喇叭,1
3306,inspecteur,检查员,1
3307,contrariété,矛盾性,1
3308,expulser,驱逐,1
3309,spectacle,奇观,1
3310,ôter,去除,1
3311,reflet,反射,1
3312,égotisme,自我主义,1
3313,rassembler,收集,1
3314,collection,收藏,1
3315,Tadao,忠雄,1
3316,prêter,借,1
3317,multiplication,乘法,1
3318,Mizu,根源,1
3319,ho,到,1
3320,raccourci,捷径,1
3321,no,不,1
3322,aho,我,1
3323,folle,很多,1
3324,allié,盟友,1
3325,III,三、,1
3326,Obon,向下,1
3327,mi-août,八月中旬,1
3328,27,27,1
3329,aurore,黎明,1
3330,méditer,幽思,1
3331,contrition,忏悔,1
3332,curiosité,好奇心,1
3333,matricide,弑母,1
3334,parricide,弑父,1
3335,rare,稀有的,1
3336,écho,回声,1
3337,sourcil,眉,1
3338,vau,我是,1
3339,confus,使困惑,1
3340,dégénérer,退化,1
3341,couvercle,盖,1
3342,bancal,摇摇晃晃的,1
3343,réveillon,除夕,1
3344,sanctuaire,避难所,1
3345,déguster,品尝,1
3346,distraitement,心不在焉地,1
3347,cercle,圆圈,1
3348,comique,滑稽,1
3349,signaler,报告,1
3350,déraper,打滑,1
3351,abdomen,腹部,1
3352,absentéisme,缺勤,1
3353,transport,运输,1
3354,tonne,公吨,1
3355,supplémentaire,额外的,1
3356,bavard,淫荡的,1
3357,bribe,贿赂,1
3358,clou,指甲,1
3359,t-,t-,1
3360,vis-à-vis,相对,1
3361,efforcer,努力,1
3362,gai,盖,1
3363,bousculer,喧嚣,1
3364,janvier,一月,1
3365,priorité,优先事项,1
3366,morgue,太平间,1
3367,fonctionnaire,官方的,1
3368,tranquillité,宁静,1
3369,désaccord,分歧,1
3370,révolter,反叛,1
3371,haché,切碎的,1
3372,réjouir,麾,1
3373,démon,恶魔,1
3374,vertige,眩晕,1
3375,chichi,琪琪,1
3376,frayeur,惊吓,1
3377,nature,自然,1
3378,mêler,混合,1
3379,déblatérer,咆哮,1
3380,toupet,假发,1
3381,raccompagner,陪伴,1
3382,bouillir,熬,1
3383,préférable,优选,1
3384,régler,调整,1
3385,incomber,现任者,1
3386,détenteur,持有者,1
3387,à-dire,说,1
3388,récuser,挑战,1
3389,pensable,可以想象的,1
3390,inimaginable,难以想象的,1
3391,sûrement,当然,1
3392,pathétique,可怜的,1
3393,déprimé,郁闷,1
3394,proie,猎物,1
3395,plat,普拉特,1
3396,lubie,我喜欢,1
3397,typique,典型的,1
3398,ménager,家庭,1
3399,attentionné,细心,1
3400,inquiétant,令人不安的,1
3401,Javel,漂白,1
3402,visible,可见的,1
3403,cantonner,局限,1
3404,excessif,过多的,1
3405,stratégie,战略,1
3406,diamétralement,径直地,1
3407,coiffe,帽,1
3408,plaisanterie,玩笑,1
3409,Kyōto,京都,1
3410,friand,喜欢,1
3411,vert,垂直,1
3412,appréhension,顾虑,1
3413,empresser,趋,1
3414,fourrer,东西,1
3415,contradictoire,矛盾的,1
3416,mâcher,嚼,1
3417,consciencieusement,切实,1
3418,relaver,崇拜者,1
3419,égoïstement,自私地,1
3420,hanter,出没,1
3421,détresse,苦恼,1
3422,haïssable,可恶,1
3423,alléger,减轻,1
3424,nerf,削弱,1
3425,purement,纯粹,1
3426,battant,飞行,1
3427,officiel,官方的,1
3428,préférence,偏爱,1
3429,oubli,监督,1
3430,merveilleux,精彩的,1
3431,regrettable,遗憾的,1
3432,incompétent,无能的,1
3433,loterie,彩票,1
3434,papeterie,文具店,1
3435,serrure,锁,1
3436,sanglot,哭泣,1
3437,rayonnant,容光焕发的,1
3438,célébrer,庆祝,1
3439,enrhumer,感冒了,1
3440,boudeur,生闷气,1
3441,grossesse,怀孕,1
3442,mûrir,成熟,1
3443,restreindre,限制,1
3444,bien-être,福利,1
3445,maturité,到期,1
3446,interrogation,审讯,1
3447,rasséréner,安抚,1
3448,austère,严峻的,1
3449,parentèle,亲戚们,1
3450,gestion,管理,1
3451,maisonnée,家庭,1
3452,dévouer,奉献,1
3453,aisé,简单的,1
3454,déshonneur,羞辱,1
3455,bru,布鲁,1
3456,former,以前的,1
3457,atermoiement,拖延,1
3458,conflictuel,矛盾的,1
3459,frappe,击中,1
3460,substitution,代换,1
3461,exigeant,要求严格,1
3462,prestigieux,声望很高的,1
3463,fonder,丰德,1
3464,échelle,梯子,1
3465,déroutant,令人困惑的,1
3466,feuilleter,浏览,1
3467,similaire,相似的,1
3468,piano,钢琴,1
3469,moi-,我-,1
3470,naoki,直木,1
3471,dénommer,命名,1
3472,camper,露营者,1
3473,appartenance,会员资格,1
3474,institution,机构,1
3475,appellation,称谓,1
3476,dispenser,自动售货机,1
3477,invariablement,总是,1
3478,déclencheur,扳机,1
3479,ancrer,锚,1
3480,fiévreux,发烧的,1
3481,thermomètre,温度计,1
3482,paresser,懒散,1
3483,tergiverser,拖延,1
3484,jaser,聊天,1
3485,clinique,倩碧,1
3486,examen,考试,1
3487,rapide,快速地,1
3488,généraliste,通才,1
3489,entretien,面试,1
3490,psychologue,心理学家,1
3491,adéquat,足够的,1
3492,bouc,山羊,1
3493,émissaire,使者,1
3494,diagnostiquer,诊断,1
3495,détendre,松开,1
3496,prescrire,规定,1
3497,périodiquement,定期地,1
3498,syndrome,综合症,1
3499,paille,稻草,1
3500,éclabousser,溅,1
3501,majeur,主要的,1
3502,étendre,延长,1
3503,linge,洗衣店,1
3504,flapi,飞扬的,1
3505,désinfectant,消毒剂,1
3506,transpirer,汗,1
3507,incommodant,不方便,1
3508,photocopie,影印本,1
3509,retard,减速,1
3510,suivi,跟进,1
3511,formidable,强大,1
3512,volontiers,乐意,1
3513,condisciple,同学,1
3514,communiquer,交流,1
3515,inadéquat,不足,1
3516,encourageant,鼓励,1
3517,sauvage,野蛮人,1
3518,gobelet,杯子,1
3519,jetable,一次性的,1
3520,économique,经济的,1
3521,déchet,浪费,1
3522,âcre,英亩,1
3523,humide,湿,1
3524,cogner,碰撞,1
3525,balustrade,栏杆,1
3526,récurer,冲刷,1
3527,allonger,加长,1
3528,fil,菲尔,1
3529,brasser,酿造,1
3530,concret,具体的,1
3531,renseigner,通知,1
3532,excrément,粪便,1
3533,nourriture,食物,1
3534,revêtir,穿,1
3535,somnifère,安眠药,1
3536,prisonnier,囚犯,1
3537,secréter,分泌,1
3538,environner,环境者,1
3539,infect,感染,1
3540,pointe,足尖,1
3541,emmêler,绞,1
3542,croûte,脆皮,1
3543,tempe,坦佩,1
3544,coupe,轿跑车,1
3545,coiffeur,理发师,1
3546,prudemment,小心,1
3547,effroyable,令人震惊的,1
3548,figer,冻结,1
3549,sur-le-,在-,1
3550,fuite,泄露,1
3551,rendormir,接着睡,1
3552,rédiger,写,1
3553,opération,手术,1
3554,merveilleusement,奇妙地,1
3555,tabouret,凳子,1
3556,frottement,摩擦,1
3557,exfoliant,去角质,1
3558,peau,皮肤,1
3559,nier,尼尔,1
3560,bonze,和尚,1
3561,souillure,杂染,1
3562,dénué,没有的,1
3563,brouiller,模糊,1
3564,réserver,预订,1
3565,anormal,不正常,1
3566,promener,去散散步,1
3567,pansement,绷带,1
3568,rembourser,偿还,1
3569,marchandise,商品,1
3570,détaché,超然的,1
3571,badin,更多的,1
3572,lustre,光泽,1
3573,Thon,通,1
3574,mayonnaise,蛋黄酱,1
3575,marron,马龙,1
3576,sinon,否则,1
3577,apparent,明显的,1
3578,chair,椅子,1
3579,cancer,癌症,1
3580,inexpressif,不表达,1
3581,évier,下沉,1
3582,VIH,艾滋病病毒,1
3583,absurde,荒诞,1
3584,transfusion,输血,1
3585,enfer,地狱,1
3586,ignoble,不光彩的,1
3587,code,代码,1
3588,initiale,最初的,1
3589,majuscule,大写,1
3590,CRÈVE,死,1
3591,risée,笑柄,1
3592,culture,文化,1
3593,innocent,清白的,1
3594,délibéré,商榷,1
3595,Alleeez,好啦,1
3596,Yoshihiko,义彦,1
3597,retourne,返回,1
3598,délivrance,解脱,1
3599,éventualité,意外事件,1
3600,pondérer,重量,1
3601,branle,打飞机,1
3602,combat,战斗,1
3603,dramatiser,戏剧化,1
3604,veiller,手表,1
3605,implosion,内爆,1
3606,faiblesse,弱点,1
3607,territoire,领土,1
3608,nant,南特,1
3609,couche,层,1
3610,actuellement,现在,1
3611,mutisme,愚蠢,1
3612,légitime,合法的,1
3613,plaider,恳求,1
3614,relaxe,放松,1
3615,IV,四号,1
3616,droite,正确的,1
3617,gauche,粗俗的,1
3618,étroit,狭窄的,1
3619,projeter,项目,1
3620,p,p,1
3621,REMIER,雷米尔,1
3622,chancelant,步履蹒跚,1
3623,tee,球座,1
3624,shirt,衬衫,1
3625,short,短的,1
3626,sprint,短跑,1
3627,arrondir,圆形的,1
3628,fan,扇子,1
3629,marre,得到,1
3630,trahir,背叛,1
3631,encadrer,框架,1
3632,hiragana,平假名,1
3633,corbeille,篮子,1
3634,brouillon,草稿,1
3635,inquiétude,担心,1
3636,contre-courant,与当前相反,1
3637,accent,口音,1
3638,originalité,独创性,1
3639,privilège,特权,1
3640,classer,分类,1
3641,sonnette,门铃,1
3642,Bye,再见,1
3643,bye,再见,1
3644,renifler,闻,1
3645,ripper,开膛手,1
3646,réquisitionner,征用,1
3647,apparence,外貌,1
3648,cassette,盒式磁带,1
3649,planquer,隐藏,1
3650,éventuellement,可能,1
3651,Bah,呸,1
3652,bosser,工作,1
3653,intégral,不可缺少的,1
3654,cote,科特,1
3655,bof,博夫,1
3656,engueuler,喊,1
3657,plain,清楚的,1
3658,géant,巨大的,1
3659,apparemment,显然,1
3660,contenu,内容,1
3661,blond,金发,1
3662,grotesque,怪诞的,1
3663,américain,美国人,1
3664,louer,出租,1
3665,vidéo-club,视频俱乐部,1
3666,nana,娜娜,1
3667,armée,军队,1
3668,arroser,水,1
3669,flageoler,鞭毛,1
3670,exterminer,殄,1
3671,envahir,入侵,1
3672,grignoter,蚕食,1
3673,brusquement,突然,1
3674,booster,助推器,1
3675,plaiser,请,1
3676,hic,嗝,1
3677,version,版本,1
3678,soupirer,叹,1
3679,foot,脚,1
3680,rempart,壁垒,1
3681,mec,梅克,1
3682,tuyau,管道,1
3683,marrant,有趣的,1
3684,vente,销售,1
3685,événementiel,事件,1
3686,coude,弯头,1
3687,ouf,唷,1
3688,recoiffer,回收器,1
3689,butin,赃物,1
3690,interrupteur,转变,1
3691,papotage,帕波塔吉,1
3692,piocher,画,1
3693,habitant,居民,1
3694,une,A,1
3695,stratège,战略家,1
3696,guet,手表,1
3697,planque,藏身处,1
3698,trinquer,吐司,1
3699,Coca,古柯,1
3700,désert,沙漠,1
3701,grimper,爬,1
3702,aboyer,大叫,1
3703,ok,好的,1
3704,roulette,轮盘赌,1
3705,pouce,拇指,1
3706,pâtissier,糕点厨师,1
3707,Chut,楚特,1
3708,dévorer,吞食,1
3709,remuer,搅拌,1
3710,épousseter,灰尘,1
3711,menton,下巴,1
3712,exagéré,夸张的,1
3713,hauteur,高度,1
3714,réplique,复制品,1
3715,Dadaaan,达达安,1
3716,sursaut,惊吓,1
3717,ralenti,慢动作,1
3718,accroche,钩,1
3719,paralyser,瘫痪,1
3720,gaffe,失态,1
3721,équilibre,平衡,1
3722,Pffou,普福,1
3723,radieux,容光焕发的,1
3724,emballer,裹,1
3725,argenté,银,1
3726,transition,过渡,1
3727,vaguement,依稀,1
3728,sacrer,奉献,1
3729,exciter,激励器,1
3730,foire,公平的,1
3731,potin,锅,1
3732,réussite,成功,1
3733,déçu,失望的,1
3734,désespéré,绝望的,1
3735,égalitaire,平等主义,1
3736,médiocre,贫穷的,1
3737,accroc,拴住,1
3738,mini-test,小测试,1
3739,U,U,1
3740,soupir,叹,1
3741,impromptu,即兴,1
3742,soutenir,维持,1
3743,tasse,税收,1
3744,trahison,叛国罪,1
3745,cohérent,持续的,1
3746,fâché,生气的,1
3747,livide,铁青,1
3748,pfff,唷,1
3749,pédale,踏板,1
3750,désespérément,拼命地,1
3751,délirant,妄想的,1
3752,pomme,苹果,1
3753,pendre,彭德雷,1
3754,frotte,摩擦,1
3755,malin,马林,1
3756,discrètement,谨慎地,1
3757,attiser,煽动,1
3758,formule,公式,1
3759,magique,魔法,1
3760,boueux,浑,1
3761,clapoter,溅,1
3762,avion,飞机,1
3763,perte,损失,1
3764,rêvasser,白日梦,1
3765,agression,突击,1
3766,univers,宇宙,1
3767,fuguer,fuguer,1
3768,disposer,处置,1
3769,émouvoir,移动,1
3770,affreusement,可怕地,1
3771,angoissant,令人苦恼的,1
3772,dense,稠密,1
3773,dure,杜雷,1
3774,éternellement,永远地,1
3775,chasser,打猎,1
3776,bouffée,噗,1
3777,pot,锅,1
3778,craquer,裂缝,1
3779,ramper,坡道,1
3780,effrayer,吓,1
3781,extirper,深挖,1
3782,fatigant,累,1
3783,dialogue,对话,1
3784,terrifiant,爬行,1
3785,gourou,大师,1
3786,lèche,舔,1
3787,espionner,窥探,1
3788,guillerette,吉列莱特,1
3789,visiter,拜访,1
3790,micro-espion,微型间谍,1
3791,négliger,忽视,1
3792,organe,身体,1
3793,nviron,英维龙,1
3794,profondeur,深度,1
3795,déliter,瓦解,1
3796,vase,花瓶,1
3797,mouriiiiiiiiiiiiir,死的,1
3798,Noooooooooooooooooooooooooooooooooooooooon,不啊啊啊啊啊啊啊啊啊啊啊,1
3799,chaos,混乱,1
3800,moteur,引擎,1
3801,touffe,簇绒,1
3802,savonner,肥皂,1
3803,chiure,奇乌雷,1
3804,gomme,和,1
3805,crayon,蜡笔,1
3806,écouler,流出来,1
3807,multiplier,乘数,1
3808,capuchon,帽,1
3809,décolorer,变色,1
3810,précaire,不稳定的,1
3811,paume,棕榈,1
3812,entailler,缺口,1
3813,coule,流量,1
3814,plaie,伤口,1
3815,picotement,刺痛,1
3816,stérile,无菌的,1
3817,patron,赞助人,1
3818,aveugler,瞎的,1
3819,plisser,褶皱,1
3820,épuiser,排气,1
3821,vieillir,变老,1
3822,coiffer,梳子,1
3823,maquillage,化妆品,1
3824,perler,珍珠,1
3825,repousse,又长回来,1
3826,libération,发布,1
3827,moquer,嘲笑,1
3828,obscur,朦胧,1
3829,grincer,吱吱作响,1
3830,fracasser,粉碎,1
3831,défaite,打败,1
3832,emparer,抢占,1
3833,grand-papa,爷爷,1
3834,grand-maman,奶奶,1
3835,éduquer,教育,1
3836,v,v,1
3837,croyant,信徒,1
3838,estament,财产,1
3839,éphémère,短暂的,1
3840,puant,臭,1
3841,exergue,锻炼格,1
3842,flacon,瓶子,1
3843,shampooing,洗头,1
3844,translucide,半透明,1
3845,mousse,摩丝,1
3846,diluer,稀,1
3847,31,31,1
3848,vibreur,振动器,1
3849,contrat,合同,1
3850,boum,繁荣,1
3851,estrade,平台,1
3852,stupidité,愚蠢,1
3853,rappliquer,重新申请,1
3854,loup,卢普,1
3855,noirceur,黑暗,1
3856,abyssal,深渊,1
3857,éculé,陈腐的,1
3858,ronger,荣儿,1
3859,créature,生物,1
3860,grouiller,一群,1
3861,pis,皮斯,1
3862,élu,当选,1
3863,fouler,践踏,1
3864,croître,生长,1
3865,demi-heure,半小时,1
3866,instinctivement,本能地,1
3867,million,百万,1
3868,contradiction,矛盾,1
3869,exceptionnellement,异常地,1
3870,considération,考虑,1
3871,perception,洞察力,1
3872,potentiel,潜在的,1
3873,Ohm,欧姆,1
3874,Kirchhoff,基尔霍夫,1
3875,Thévenin,戴维南,1
3876,Norton,诺顿,1
3877,cellule,细胞,1
3878,cancéreux,癌变的,1
3879,indicateur,指标,1
3880,quasi-totalité,几乎全部,1
3881,critère,标准,1
3882,appréciation,欣赏,1
3883,entourage,随行人员,1
3884,électricien,电工,1
3885,déchoir,消失,1
3886,étape,阶段,1
3887,chercheur,搜索者,1
3888,autocar,汽车,1
3889,chauffeur,司机,1
3890,percuter,撞上,1
3891,falaise,悬崖,1
3892,blessé,伤害,1
3893,frontal,额叶,1
3894,extraire,提炼,1
3895,carcasse,尸体,1
3896,ambulance,救护车,1
3897,passager,乘客,1
3898,emménager,搬进来,1
3899,cultiver,培育,1
3900,rééducation,再教育,1
3901,recoin,角落,1
3902,décrépitude,衰老,1
3903,désosser,骨,1
3904,récepteur,接收者,1
3905,écolier,男生,1
3906,récrire,改写,1
3907,savant,学者,1
3908,États-Unis,美国,1
3909,directeur,导演,1
3910,renoncement,放弃,1
3911,sacrifice,牺牲,1
3912,opportunité,机会,1
3913,étreindre,拥抱,1
3914,légume,蔬菜,1
3915,futile,无用的,1
3916,irrésistiblement,不可抗拒地,1
3917,abaisser,降低,1
3918,satisfait,使满意,1
3919,tuméfier,胀,1
3920,déchaîner,发挥,1
3921,source,来源,1
3922,terrasse,阳台,1
3923,moche,莫切,1
3924,précédent,以前的,1
3925,divorcer,离婚,1
3926,10,10,1
3927,formalité,形式,1
3928,improviste,凑合,1
3929,farcir,闹剧,1
3930,gratin,焗,1
3931,ome,奥梅,1
3932,rice,米,1
3933,habile,熟练,1
3934,cuisinière,火炉,1
3935,délicieux,可口的,1
3936,desserrer,放松,1
3937,console,安慰,1
3938,logiciel,软件,1
3939,Tourgueniev,图尔格涅夫,1
3940,Camus,加缪,1
3941,Cène,最后的晚餐,1
3942,livraison,送货,1
3943,manier,方式,1
3944,tournevis,螺丝刀,1
3945,pétrir,揉,1
3946,succulent,肉质的,1
3947,gifler,拍击,1
3948,furieusement,愤怒地,1
3949,rompre,分手,1
3950,11,11,1
3951,épouse,结婚,1
3952,vilain,淘气,1
3953,aa,啊,1
3954,aaa,啊啊,1
3955,admirable,令人钦佩的,1
3956,respectueusement,尊敬,1
3957,manœuvre,演习,1
3958,fonds,收藏品,1
3959,gamme,范围,1
3960,trente,三十,1
3961,avouerai-,会坦白,1
3962,karaoké,卡拉OK,1
3963,bowling,保龄球,1
3964,abêtir,更多的,1
3965,Six,六,1
3966,patrimoine,遗产,1
3967,génétique,遗传的,1
3968,rejeton,后代,1
3969,intégration,一体化,1
3970,accouchement,分娩,1
3971,camionnette,货车,1
3972,transférer,转移,1
3973,flambant,全新,1
3974,trôner,加冕的,1
3975,tintement,叮叮当当,1
3976,cambrousse,康布鲁斯,1
3977,révision,修订,1
3978,parti,派对,1
3979,octroyer,授予,1
3980,délectation,喜悦,1
3981,exploration,勘探,1
3982,receler,隐藏,1
3983,outillage,工具,1
3984,joncher,垃圾,1
3985,entreprendre,承担,1
3986,réparer,使固定,1
3987,réparation,维修,1
3988,trotteuse,二手,1
3989,inaugurer,就职,1
3990,réceptif,接受的,1
3991,cadran,拨号,1
3992,grandiose,宏伟的,1
3993,lassant,无聊的,1
3994,extase,狂喜,1
3995,né,两者都不,1
3996,méconnaître,误解,1
3997,réagirait-,会反应,1
3998,auxquels,到哪个,1
3999,taré,皮重,1
4000,rincer,冲洗,1
4001,visiteur,游客,1
4002,clôturer,包围,1
4003,maigre,瘦骨嶙峋的,1
4004,excité,兴奋的,1
4005,hystérie,歇斯底里,1
4006,comptant,现金,1
4007,affichette,海报,1
4008,juré,宣誓的,1
4009,présentateur,主持人,1
4010,Yoshikazu,良和,1
4011,aux,到,1
4012,elle-,艾丽-,1
4013,ardeur,热情,1
4014,adjoindre,添加,1
4015,montage,剪辑,1
4016,présentation,推介会,1
4017,minutieusement,小心,1
4018,aspect,方面,1
4019,potache,男生,1
4020,anti-crim,反犯罪,1
4021,schéma,计划,1
4022,impact,影响,1
4023,muséum,博物馆,1
4024,Nagoya,名古屋,1
4025,gratifier,满足,1
4026,passionnant,令人兴奋的,1
4027,brochure,小册子,1
4028,envoyé,发送,1
4029,décrocher,捡起,1
4030,fixe,固定,1
4031,délaisser,放弃,1
4032,vitrine,展示,1
4033,loisir,闲暇,1
4034,cafète,咖啡店,1
4035,millier,千,1
4036,remous,漩涡,1
4037,moulinet,卷轴,1
4038,pler,更多的,1
4039,déclaration,陈述,1
4040,caméra,相机,1
4041,poignard,匕首,1
4042,peuh,佩赫,1
4043,efficacité,效率,1
4044,intervention,干涉,1
4045,couronner,王冠,1
4046,vertueux,有德行的,1
4047,décerner,奖,1
4048,sellette,马具,1
4049,technologique,技术性的,1
4050,probable,可能,1
4051,défausser,丢弃,1
4052,conjugal,夫妻的,1
4053,combinaison,组合,1
4054,Momotarō,桃太郎,1
4055,Grue,可怕,1
4056,reconnaissant,感激的,1
4057,envisageable,可能的,1
4058,cibler,目标,1
4059,berge,伯格,1
4060,régulier,常规的,1
4061,planification,规划,1
4062,mémoriser,记忆,1
4063,alléchant,诱人的,1
4064,juteux,多汁的,1
4065,bidon,能,1
4066,longueur,长度,1
4067,bouffon,小丑,1
4068,optimal,最佳的,1
4069,gars,伙计们,1
4070,préparatif,准备,1
4071,conscient,意识到的,1
4072,parle,帕尔莱,1
4073,répèter,重复,1
4074,pervers,变态,1
4075,amical,友好的,1
4076,flatterie,奉承,1
4077,mousser,泡沫,1
4078,contrairement,与之相反,1
4079,vocabulaire,词汇,1
4080,bride,新娘,1
4081,cuisiner,厨师,1
4082,beurk,恶心,1
4083,mangeable,食用,1
4084,irriter,刺激,1
4085,affranchir,自由的,1
4086,mentionner,提到,1
4087,délecter,喜,1
4088,humilier,羞辱,1
4089,par-,标准杆,1
4090,convoiter,贪图,1
4091,sécuriser,以确保,1
4092,baliverne,巴厘岛人,1
4093,délirer,狂欢,1
4094,corbeau,乌鸦,1
4095,broutille,废话,1
4096,débiter,借方,1
4097,platitude,陈词滥调,1
4098,bavasser,巴瓦瑟,1
4099,méchamment,严重地,1
4100,avancer,前进,1
4101,élastique,松紧带,1
4102,fantaisie,幻想,1
4103,souple,灵活的,1
4104,chienchien,建建,1
4105,animer,动画化,1
4106,diriger,直接的,1
4107,hémorragie,出血,1
4108,nasal,鼻的,1
4109,désastre,灾难,1
4110,intonation,语调,1
4111,animateur,动画师,1
4112,zone,区,1
4113,animation,动画片,1
4114,naturellement,自然,1
4115,surjouer,过度发挥,1
4116,séducteur,诱惑者,1
4117,vautrer,泥坑,1
4118,débotté,未启动的,1
4119,timing,定时,1
4120,engageant,吸引人的,1
4121,métamorphoser,变态,1
4122,value,价值,1
4123,globalité,全球化,1
4124,crépitement,噼啪作响,1
4125,spasme,痉挛,1
4126,tapis,地毯,1
4127,chauffant,加热,1
4128,trouvaille,寻找,1
4129,empoté,笨手笨脚的,1
4130,crochet,钩针编织,1
4131,35,35,1
4132,municipal,市级,1
4133,s.,s。,1
4134,chute,滑道,1
4135,commissariat,粮食,1
4136,audition,试镜,1
4137,dépêche,派遣,1
4138,Waouh,哇,1
4139,affirmatif,肯定,1
4140,camoufler,伪装,1
4141,apeurer,吓唬,1
4142,perspective,看法,1
4143,prestance,风度翩翩的,1
4144,délibérément,故意地,1
4145,souris,老鼠,1
4146,éclair,闪光,1
4147,révolte,反叛,1
4148,épisode,插曲,1
4149,clos,克洛斯,1
4150,"
			
	
",,1
4151,entrevoir,一瞥,1
4152,provocant,挑衅,1
4153,inespéré,意外,1
4154,roue,车轮,1
4155,nonobstant,虽然,1
4156,inintéressant,无趣的,1
4157,mouvementer,动作,1
4158,converger,收敛,1
4159,pique,激怒,1
4160,acéré,锋利的,1
4161,déconcertant,令人不安的,1
4162,tenant,租户,1
4163,aboutissant,达到顶峰,1
4164,sur-le-champ,在场上,1
4165,danser,跳舞,1
4166,bravo,布拉沃,1
4167,mortel,致命,1
4168,théâtre,剧院,1
4169,imagination,想像力,1
4170,delà,的,1
4171,espérance,希望,1
4172,oser,敢于,1
4173,patienter,患者,1
4174,impatient,不耐烦,1
4175,déciderait-,会决定,1
4176,incubation,孵化,1
4177,soigner,治愈,1
4178,périmer,到期,1
4179,visualiser,可视化,1
4180,futur,未来,1
4181,agissement,行动,1
4182,indifférer,冷漠,1
4183,déménagement,移动,1
4184,assaillant,袭击者,1
4185,masque,面具,1
4186,caoutchouc,橡皮,1
4187,prosterner,俯伏,1
4188,daigner,设计,1
4189,innocence,纯真,1
4190,transpercer,刺穿,1
4191,ligoter,捆绑,1
4192,fébrile,发烧的,1
4193,invraisemblable,难以置信,1
4194,persuasion,劝说,1
4195,sidatique,艾滋病,1
4196,explosif,爆炸物,1
4197,subtiliser,偷,1
4198,analyser,分析仪,1
4199,conditionnement,调理,1
4200,bateau,船,1
4201,voulait-,想要-,1
4202,refiler,重新归档,1
4203,contamination,污染,1
4204,factice,假的,1
4205,retournement,逆转,1
4206,indiqué,著名的,1
4207,oiseux,鸟,1
4208,émettre,问题,1
4209,initiative,倡议,1
4210,artillerie,炮兵,1
4211,boulet,球,1
4212,subtilité,微妙,1
4213,tandis,尽管,1
4214,clavier,键盘,1
4215,brusquer,匆忙,1
4216,manuscrit,手稿,1
4217,détenir,拥有,1
4218,copier,复印机,1
4219,elle-même,她自己,1
4220,large,大的,1
4221,liste,列表,1
4222,etc,ETC,1
4223,publication,出版物,1
4224,sympa,好的,1
4225,renversant,令人惊叹的,1
4226,euh,呃,1
4227,répliquer,复制,1
4228,vexant,骚扰,1
4229,grommeler,格罗梅勒,1
4230,blasphème,亵渎,1
4231,"		
	
	
",,1
4232,briser,打破,1
4233,shinkansen,新干线,1
4234,métro,地铁,1
4235,oppression,压迫,1
4236,campus,校园,1
4237,scénario,设想,1
4238,rencontre,遇到,1
4239,surprenant,奇怪,1
4240,dépourvu,不足,1
4241,improviser,即兴创作者,1
4242,génération,一代,1
4243,sofa,沙发,1
4244,poudre,粉,1
4245,contenance,容量,1
4246,paysage,景观,1
4247,européen,欧洲的,1
4248,château,城堡,1
4249,Allemagne,德国,1
4250,académique,学术的,1
4251,Ha,哈,1
4252,automne,秋天,1
4253,50,50,1
4254,décembre,十二月,1
4255,déplacement,转移,1
4256,Fukuoka,福冈,1
4257,souffle,舒芙蕾,1
4258,poursuite,追求,1
4259,graver,刻刀,1
4260,pensum,教学大纲,1
4261,préenregistrer,预录,1
4262,Trois,三,1
4263,Cinq,五,1
4264,vibrer,颤动,1
4265,amateur,业余,1
4266,mélodie,旋律,1
4267,vi,六,1
4268,prédicateur,牧师,1
4269,température,温度,1
4270,inhiber,抑制,1
4271,préalablement,之前,1
4272,congeler,冻结,1
4273,glacière,冷却器,1
4274,camping,野营,1
4275,secousse,混蛋,1
4276,liberté,自由,1
4277,héritier,继承人,1
4278,consoler,安慰,1
4279,solitude,孤独,1
4280,surestimer,高估,1
4281,livrer,递送,1
4282,entreposer,店铺,1
4283,éclipser,蚀,1
4284,injecter,注入,1
4285,maniaque,疯狂的,1
4286,soudure,焊接,1
4287,pack,盒,1
4288,ingestion,摄入,1
4289,buccal,颊侧,1
4290,diminuer,减少,1
4291,acharner,生气,1
4292,terminal,终端,1
4293,manigancer,魔法师,1
4294,modifier,修饰语,1
4295,répétition,重复,1
4296,indigent,贫穷的,1
4297,indigence,贫困,1
4298,sentier,小路,1
4299,vouer,发誓,1
4300,adoration,崇拜,1
4301,Sakurano,樱野,1
4302,miya,米亚,1
4303,tousser,咳,1
4304,décéder,死,1
4305,estimer,估计,1
4306,scolarité,学校教育,1
4307,pesant,称重,1
4308,plaquette,小册子,1
4309,mortuaire,太平间,1
4310,nomination,提名,1
4311,décourager,劝阻,1
4312,quiconque,任何人,1
4313,régulièrement,经常,1
4314,inénarrable,无法形容,1
4315,relais,中继,1
4316,prédécesseur,前任,1
4317,indice,指数,1
4318,splendide,灿烂,1
4319,conséquence,结果,1
4320,mille,米勒,1
4321,poignarder,刺,1
4322,techniquement,技术上,1
4323,renverser,溢,1
4324,trébucher,绊倒,1
4325,vantardise,吹牛,1
4326,intelligence,智力,1
4327,utilité,公用事业,1
4328,instiller,灌输,1
4329,néant,零,1
4330,égoïste,以自我为中心,1
4331,lâche,懦夫,1
4332,tarder,延迟,1
4333,collectif,集体,1
4334,sirène,美人鱼,1
4335,fabrication,制造,1
4336,réamorcer,重启,1
4337,béton,具体的,1
4338,armer,武器,1
4339,construire,建造,1
